person,childId,userId,childName,kana,birth,registAge,gender,bloodType,childAllergyFlag,allergyCauses1,allergySymptoms1,allergyTreatments1,allergyConcerns1,allergyCauses2,allergySymptoms2,allergyTreatments2,allergyConcerns2,allergyCauses3,allergySymptoms3,allergyTreatments3,allergyConcerns3,brothersSistersFlag,multipleBirthsFlag,disabilitiesFlag,childcareBusinessUserFlag,noChildcareProvidedFlag,deleteFlag
"{""name"":""玉置 隆博"",""kana"":""タマキ タカヒロ"",""lastName"":""玉置"",""firstName"":""隆博"",""lastKana"":""タマキ"",""firstKana"":""タカヒロ"",""sex"":""男"",""age"":""3"",""birthday"":""2018/11/9"",""bloodType"":""A型"",""cellPhoneNumber"":""080-5761-3727"",""relationship"":""息子"",""index"":148}",shibata1,7c8f4b88-0735-4bfb-a03e-b04eea2e67d6,玉置 隆博,タマキ タカヒロ,2018/11/9,3,男,A型,,,,,,,,,,,,,,,,,,,
"{""name"":""柴田 博明"",""kana"":""シバタ ヒロアキ"",""lastName"":""柴田"",""firstName"":""博明"",""lastKana"":""シバタ"",""firstKana"":""ヒロアキ"",""sex"":""男"",""age"":""0"",""birthday"":""2021/5/12"",""bloodType"":""B型"",""cellPhoneNumber"":""080-1802-1518"",""relationship"":""息子"",""index"":307}",shibata2,71a9d380-9cd6-4ba3-93cf-f06242681a41,柴田 博明,シバタ ヒロアキ,2021/5/12,0,男,B型,,,,,,,,,,,,,,,,,,,
"{""name"":""松川 夏空"",""kana"":""マツカワ ソラ"",""lastName"":""松川"",""firstName"":""夏空"",""lastKana"":""マツカワ"",""firstKana"":""ソラ"",""sex"":""女"",""age"":""5"",""birthday"":""2016/11/9"",""bloodType"":""B型"",""cellPhoneNumber"":""080-2266-1042"",""relationship"":""娘"",""index"":458}",shibata3,14fc829a-6f1a-40f5-a2e1-0ef311d5cd14,松川 夏空,マツカワ ソラ,2016/11/9,5,女,B型,,,,,,,,,,,,,,,,,,,
"{""name"":""真田 友也"",""kana"":""サナダ トモヤ"",""lastName"":""真田"",""firstName"":""友也"",""lastKana"":""サナダ"",""firstKana"":""トモヤ"",""sex"":""男"",""age"":""6"",""birthday"":""2015/6/8"",""bloodType"":""A型"",""cellPhoneNumber"":""080- 713-1548"",""relationship"":""息子"",""index"":444}",shibata4,a624a566-8feb-420e-92f1-963e32822401,真田 友也,サナダ トモヤ,2015/6/8,6,男,A型,,,,,,,,,,,,,,,,,,,
"{""name"":""川井 慶二"",""kana"":""カワイ ケイジ"",""lastName"":""川井"",""firstName"":""慶二"",""lastKana"":""カワイ"",""firstKana"":""ケイジ"",""sex"":""男"",""age"":""5"",""birthday"":""2016/8/20"",""bloodType"":""A型"",""cellPhoneNumber"":""090-1907-9269"",""relationship"":""息子"",""index"":17}",shibata5,61975d55-ea02-4acc-a530-d5d611bcd0c6,川井 慶二,カワイ ケイジ,2016/8/20,5,男,A型,,,,,,,,,,,,,,,,,,,
"{""name"":""上杉 徹"",""kana"":""ウエスギ トオル"",""lastName"":""上杉"",""firstName"":""徹"",""lastKana"":""ウエスギ"",""firstKana"":""トオル"",""sex"":""男"",""age"":""2"",""birthday"":""2019/10/11"",""bloodType"":""A型"",""cellPhoneNumber"":""080-6387- 120"",""relationship"":""息子"",""index"":932}",shibata6,887e868d-4029-4eaf-862d-19fac3c4fbda,上杉 徹,ウエスギ トオル,2019/10/11,2,男,A型,,,,,,,,,,,,,,,,,,,
"{""name"":""柏原 宏行"",""kana"":""カシワラ ヒロユキ"",""lastName"":""柏原"",""firstName"":""宏行"",""lastKana"":""カシワラ"",""firstKana"":""ヒロユキ"",""sex"":""男"",""age"":""4"",""birthday"":""2017/10/25"",""bloodType"":""AB型"",""cellPhoneNumber"":""090-2638-5639"",""relationship"":""息子"",""index"":570}",shibata7,d0000c12-36a0-4dd3-9b35-308b46ea3cf7,柏原 宏行,カシワラ ヒロユキ,2017/10/25,4,男,AB型,,,,,,,,,,,,,,,,,,,
"{""name"":""坂田 サンタマリア"",""kana"":""サカタ サンタマリア"",""lastName"":""坂田"",""firstName"":""サンタマリア"",""lastKana"":""サカタ"",""firstKana"":""サンタマリア"",""sex"":""男"",""age"":""1"",""birthday"":""2020/9/27"",""bloodType"":""AB型"",""cellPhoneNumber"":""090-8625- 905"",""relationship"":""息子"",""index"":665}",shibata8,dce6cbeb-f879-4532-866c-aff03a7b7ef7,坂田 サンタマリア,サカタ サンタマリア,2020/9/27,1,男,AB型,,,,,,,,,,,,,,,,,,,
"{""name"":""新村 敦"",""kana"":""ニイムラ アツシ"",""lastName"":""新村"",""firstName"":""敦"",""lastKana"":""ニイムラ"",""firstKana"":""アツシ"",""sex"":""男"",""age"":""3"",""birthday"":""2019/1/16"",""bloodType"":""O型"",""cellPhoneNumber"":""080-4677-5181"",""relationship"":""息子"",""index"":863}",shibata9,df01adf0-91d4-42c5-b5cb-d0a95d325c86,新村 敦,ニイムラ アツシ,2019/1/16,3,男,O型,,,,,,,,,,,,,,,,,,,
"{""name"":""三船 だん吉"",""kana"":""ミフネ ダンキチ"",""lastName"":""三船"",""firstName"":""だん吉"",""lastKana"":""ミフネ"",""firstKana"":""ダンキチ"",""sex"":""男"",""age"":""5"",""birthday"":""2016/5/29"",""bloodType"":""O型"",""cellPhoneNumber"":""080-2058-8923"",""relationship"":""息子"",""index"":122}",shibata10,d8666336-ec9e-4101-9ef2-6cbc12b3163f,三船 だん吉,ミフネ ダンキチ,2016/5/29,5,男,O型,,,,,,,,,,,,,,,,,,,
"{""name"":""赤木 光良"",""kana"":""アカギ テルヨシ"",""lastName"":""赤木"",""firstName"":""光良"",""lastKana"":""アカギ"",""firstKana"":""テルヨシ"",""sex"":""男"",""age"":""1"",""birthday"":""2021/1/29"",""bloodType"":""AB型"",""cellPhoneNumber"":""090-7688-3728"",""relationship"":""息子"",""index"":28}",shibata11,d1878acc-16a6-4061-b8ea-29b9555edb5f,赤木 光良,アカギ テルヨシ,2021/1/29,1,男,AB型,,,,,,,,,,,,,,,,,,,
"{""name"":""赤木 はるか"",""kana"":""アカギ ハルカ"",""lastName"":""赤木"",""firstName"":""はるか"",""lastKana"":""アカギ"",""firstKana"":""ハルカ"",""sex"":""女"",""age"":""4"",""birthday"":""2017/12/24"",""bloodType"":""O型"",""cellPhoneNumber"":""080-4693-7832"",""relationship"":""娘"",""index"":648}",shibata12,d1878acc-16a6-4061-b8ea-29b9555edb5f,赤木 はるか,アカギ ハルカ,2017/12/24,4,女,O型,,,,,,,,,,,,,,,,,,,
"{""name"":""菅野 優"",""kana"":""スガノ ユウ"",""lastName"":""菅野"",""firstName"":""優"",""lastKana"":""スガノ"",""firstKana"":""ユウ"",""sex"":""女"",""age"":""6"",""birthday"":""2015/8/9"",""bloodType"":""A型"",""cellPhoneNumber"":""080-5039-6944"",""relationship"":""娘"",""index"":394}",shibata13,25af3cf1-c791-4df6-8509-aebbf7feb7aa,菅野 優,スガノ ユウ,2015/8/9,6,女,A型,,,,,,,,,,,,,,,,,,,
"{""name"":""菅野 知世"",""kana"":""スガノ チセ"",""lastName"":""菅野"",""firstName"":""知世"",""lastKana"":""スガノ"",""firstKana"":""チセ"",""sex"":""女"",""age"":""6"",""birthday"":""2015/4/3"",""bloodType"":""O型"",""cellPhoneNumber"":""090-1014- 139"",""relationship"":""娘"",""index"":585}",shibata14,25af3cf1-c791-4df6-8509-aebbf7feb7aa,菅野 知世,スガノ チセ,2015/4/3,6,女,O型,,,,,,,,,,,,,,,,,,,
"{""name"":""甲斐 知世"",""kana"":""カイ チセ"",""lastName"":""甲斐"",""firstName"":""知世"",""lastKana"":""カイ"",""firstKana"":""チセ"",""sex"":""女"",""age"":""5"",""birthday"":""2016/12/27"",""bloodType"":""O型"",""cellPhoneNumber"":""080-5596-1790"",""relationship"":""娘"",""index"":968}",shibata15,3e855152-51cc-4d10-a550-2aea4a571ccd,甲斐 知世,カイ チセ,2016/12/27,5,女,O型,,,,,,,,,,,,,,,,,,,
"{""name"":""甲斐 友以乃"",""kana"":""カイ ユイノ"",""lastName"":""甲斐"",""firstName"":""友以乃"",""lastKana"":""カイ"",""firstKana"":""ユイノ"",""sex"":""女"",""age"":""0"",""birthday"":""2021/3/19"",""bloodType"":""A型"",""cellPhoneNumber"":""080-6377-3836"",""relationship"":""娘"",""index"":601}",shibata16,3e855152-51cc-4d10-a550-2aea4a571ccd,甲斐 友以乃,カイ ユイノ,2021/3/19,0,女,A型,,,,,,,,,,,,,,,,,,,
"{""name"":""三浦 宏行"",""kana"":""ミウラ ヒロユキ"",""lastName"":""三浦"",""firstName"":""宏行"",""lastKana"":""ミウラ"",""firstKana"":""ヒロユキ"",""sex"":""男"",""age"":""4"",""birthday"":""2017/10/25"",""bloodType"":""AB型"",""cellPhoneNumber"":""090-2638-5639"",""relationship"":""息子"",""index"":570}",shibata17,f742b9b0-d7e6-436a-b8ea-5a18d4124059,三浦 宏行,ミウラ ヒロユキ,2017/10/25,4,男,AB型,,,,,,,,,,,,,,,,,,,
"{""name"":""三浦 育子"",""kana"":""ミウラ イクコ"",""lastName"":""三浦"",""firstName"":""育子"",""lastKana"":""ミウラ"",""firstKana"":""イクコ"",""sex"":""女"",""age"":""1"",""birthday"":""2020/9/14"",""bloodType"":""O型"",""cellPhoneNumber"":""080-9591-6066"",""relationship"":""娘"",""index"":891}",shibata18,f742b9b0-d7e6-436a-b8ea-5a18d4124059,三浦 育子,ミウラ イクコ,2020/9/14,1,女,O型,,,,,,,,,,,,,,,,,,,
"{""name"":""小栗 京子"",""kana"":""オグリ キョウコ"",""lastName"":""小栗"",""firstName"":""京子"",""lastKana"":""オグリ"",""firstKana"":""キョウコ"",""sex"":""女"",""age"":""5"",""birthday"":""2016/11/2"",""bloodType"":""A型"",""cellPhoneNumber"":""080-7968-1208"",""relationship"":""娘"",""index"":10}",shibata19,e31c2b5b-3718-4de3-bade-c4e8cdef6bb8,小栗 京子,オグリ キョウコ,2016/11/2,5,女,A型,,,,,,,,,,,,,,,,,,,
"{""name"":""小栗 雅彦"",""kana"":""オグリ マサヒコ"",""lastName"":""小栗"",""firstName"":""雅彦"",""lastKana"":""オグリ"",""firstKana"":""マサヒコ"",""sex"":""男"",""age"":""5"",""birthday"":""2016/12/8"",""bloodType"":""B型"",""cellPhoneNumber"":""090-7365-7747"",""relationship"":""息子"",""index"":125}",shibata20,e31c2b5b-3718-4de3-bade-c4e8cdef6bb8,小栗 雅彦,オグリ マサヒコ,2016/12/8,5,男,B型,,,,,,,,,,,,,,,,,,,
"{""name"":""武井 直人"",""kana"":""タケイ ナオト"",""lastName"":""武井"",""firstName"":""直人"",""lastKana"":""タケイ"",""firstKana"":""ナオト"",""sex"":""男"",""age"":""0"",""birthday"":""2021/10/15"",""bloodType"":""O型"",""cellPhoneNumber"":""090-8217-6636"",""relationship"":""息子"",""index"":282}",shibata21,95372763-d862-4211-94a2-e45f27e96206,武井 直人,タケイ ナオト,2021/10/15,0,男,O型,,,,,,,,,,,,,,,,,,,
"{""name"":""武井 華子"",""kana"":""タケイ ハナコ"",""lastName"":""武井"",""firstName"":""華子"",""lastKana"":""タケイ"",""firstKana"":""ハナコ"",""sex"":""女"",""age"":""4"",""birthday"":""2018/1/19"",""bloodType"":""B型"",""cellPhoneNumber"":""080-2653-7015"",""relationship"":""娘"",""index"":90}",shibata22,95372763-d862-4211-94a2-e45f27e96206,武井 華子,タケイ ハナコ,2018/1/19,4,女,B型,,,,,,,,,,,,,,,,,,,
"{""name"":""熊倉 あい"",""kana"":""クマクラ アイ"",""lastName"":""熊倉"",""firstName"":""あい"",""lastKana"":""クマクラ"",""firstKana"":""アイ"",""sex"":""女"",""age"":""0"",""birthday"":""2021/4/25"",""bloodType"":""A型"",""cellPhoneNumber"":""080-5781-4503"",""relationship"":""娘"",""index"":929}",shibata23,a5d9ed33-be8f-4798-81a5-a2b71313687d,熊倉 あい,クマクラ アイ,2021/4/25,0,女,A型,,,,,,,,,,,,,,,,,,,
"{""name"":""熊倉 勇"",""kana"":""クマクラ ユウ"",""lastName"":""熊倉"",""firstName"":""勇"",""lastKana"":""クマクラ"",""firstKana"":""ユウ"",""sex"":""女"",""age"":""4"",""birthday"":""2017/11/7"",""bloodType"":""A型"",""cellPhoneNumber"":""080-9621-6195"",""relationship"":""娘"",""index"":625}",shibata24,a5d9ed33-be8f-4798-81a5-a2b71313687d,熊倉 勇,クマクラ ユウ,2017/11/7,4,女,A型,,,,,,,,,,,,,,,,,,,
"{""name"":""熊倉 菜々美"",""kana"":""クマクラ ナナミ"",""lastName"":""熊倉"",""firstName"":""菜々美"",""lastKana"":""クマクラ"",""firstKana"":""ナナミ"",""sex"":""女"",""age"":""6"",""birthday"":""2015/5/21"",""bloodType"":""O型"",""cellPhoneNumber"":""080-5326-9447"",""relationship"":""娘"",""index"":774}",shibata25,a5d9ed33-be8f-4798-81a5-a2b71313687d,熊倉 菜々美,クマクラ ナナミ,2015/5/21,6,女,O型,,,,,,,,,,,,,,,,,,,
"{""name"":""豊田 佑"",""kana"":""トヨタ タスク"",""lastName"":""豊田"",""firstName"":""佑"",""lastKana"":""トヨタ"",""firstKana"":""タスク"",""sex"":""男"",""age"":""3"",""birthday"":""2018/7/28"",""bloodType"":""O型"",""cellPhoneNumber"":""080-1915-5045"",""relationship"":""息子"",""index"":565}",shibata26,a6618226-2417-4496-a7ba-e9bf64144d0a,豊田 佑,トヨタ タスク,2018/7/28,3,男,O型,,,,,,,,,,,,,,,,,,,
"{""name"":""豊田 長利"",""kana"":""トヨタ ナガトシ"",""lastName"":""豊田"",""firstName"":""長利"",""lastKana"":""トヨタ"",""firstKana"":""ナガトシ"",""sex"":""男"",""age"":""0"",""birthday"":""2021/11/17"",""bloodType"":""O型"",""cellPhoneNumber"":""080-5650-4771"",""relationship"":""息子"",""index"":33}",shibata27,a6618226-2417-4496-a7ba-e9bf64144d0a,豊田 長利,トヨタ ナガトシ,2021/11/17,0,男,O型,,,,,,,,,,,,,,,,,,,
"{""name"":""豊田 美嘉"",""kana"":""トヨタ ミカ"",""lastName"":""豊田"",""firstName"":""美嘉"",""lastKana"":""トヨタ"",""firstKana"":""ミカ"",""sex"":""女"",""age"":""0"",""birthday"":""2021/4/8"",""bloodType"":""A型"",""cellPhoneNumber"":""080-  70-4469"",""relationship"":""娘"",""index"":956}",shibata28,a6618226-2417-4496-a7ba-e9bf64144d0a,豊田 美嘉,トヨタ ミカ,2021/4/8,0,女,A型,,,,,,,,,,,,,,,,,,,
"{""name"":""河野 あさみ"",""kana"":""コウノ アサミ"",""lastName"":""河野"",""firstName"":""あさみ"",""lastKana"":""コウノ"",""firstKana"":""アサミ"",""sex"":""女"",""age"":""0"",""birthday"":""2021/4/25"",""bloodType"":""A型"",""cellPhoneNumber"":""090-5297-4559"",""relationship"":""娘"",""index"":501}",shibata29,2fd4a778-de77-4e31-b4bf-6f1cadac2dc5,河野 あさみ,コウノ アサミ,2021/4/25,0,女,A型,,,,,,,,,,,,,,,,,,,
"{""name"":""河野 信輔"",""kana"":""コウノ シンスケ"",""lastName"":""河野"",""firstName"":""信輔"",""lastKana"":""コウノ"",""firstKana"":""シンスケ"",""sex"":""男"",""age"":""1"",""birthday"":""2020/6/10"",""bloodType"":""O型"",""cellPhoneNumber"":""080-5522-3099"",""relationship"":""息子"",""index"":126}",shibata30,2fd4a778-de77-4e31-b4bf-6f1cadac2dc5,河野 信輔,コウノ シンスケ,2020/6/10,1,男,O型,,,,,,,,,,,,,,,,,,,
"{""name"":""河野 結衣"",""kana"":""コウノ ユイ"",""lastName"":""河野"",""firstName"":""結衣"",""lastKana"":""コウノ"",""firstKana"":""ユイ"",""sex"":""女"",""age"":""0"",""birthday"":""2021/9/17"",""bloodType"":""O型"",""cellPhoneNumber"":""090-5615-5685"",""relationship"":""娘"",""index"":799}",shibata31,2fd4a778-de77-4e31-b4bf-6f1cadac2dc5,河野 結衣,コウノ ユイ,2021/9/17,0,女,O型,,,,,,,,,,,,,,,,,,,
"{""name"":""長沢 結衣"",""kana"":""ナガサワ ユイ"",""lastName"":""長沢"",""firstName"":""結衣"",""lastKana"":""ナガサワ"",""firstKana"":""ユイ"",""sex"":""女"",""age"":""0"",""birthday"":""2021/9/17"",""bloodType"":""O型"",""cellPhoneNumber"":""090-5615-5685"",""relationship"":""娘"",""index"":799}",shibata32,3f6f4e41-2d4f-4467-814f-f360fa3c2372,長沢 結衣,ナガサワ ユイ,2021/9/17,0,女,O型,,,,,,,,,,,,,,,,,,,
"{""name"":""長沢 千佳子"",""kana"":""ナガサワ チカコ"",""lastName"":""長沢"",""firstName"":""千佳子"",""lastKana"":""ナガサワ"",""firstKana"":""チカコ"",""sex"":""女"",""age"":""6"",""birthday"":""2015/7/19"",""bloodType"":""B型"",""cellPhoneNumber"":""080-9932-7651"",""relationship"":""娘"",""index"":193}",shibata33,3f6f4e41-2d4f-4467-814f-f360fa3c2372,長沢 千佳子,ナガサワ チカコ,2015/7/19,6,女,B型,,,,,,,,,,,,,,,,,,,
"{""name"":""長沢 一徳"",""kana"":""ナガサワ イットク"",""lastName"":""長沢"",""firstName"":""一徳"",""lastKana"":""ナガサワ"",""firstKana"":""イットク"",""sex"":""男"",""age"":""3"",""birthday"":""2018/11/22"",""bloodType"":""AB型"",""cellPhoneNumber"":""090-9517-9923"",""relationship"":""息子"",""index"":515}",shibata34,3f6f4e41-2d4f-4467-814f-f360fa3c2372,長沢 一徳,ナガサワ イットク,2018/11/22,3,男,AB型,,,,,,,,,,,,,,,,,,,
"{""name"":""井川 なつみ"",""kana"":""イガワ ナツミ"",""lastName"":""井川"",""firstName"":""なつみ"",""lastKana"":""イガワ"",""firstKana"":""ナツミ"",""sex"":""女"",""age"":""2"",""birthday"":""2019/10/14"",""bloodType"":""B型"",""cellPhoneNumber"":""090-6764-5737"",""relationship"":""娘"",""index"":823}",shibata35,56244435-89fe-42b6-9f51-faf4d45ff45b,井川 なつみ,イガワ ナツミ,2019/10/14,2,女,B型,,,,,,,,,,,,,,,,,,,
"{""name"":""井川 大五郎"",""kana"":""イガワ ダイゴロウ"",""lastName"":""井川"",""firstName"":""大五郎"",""lastKana"":""イガワ"",""firstKana"":""ダイゴロウ"",""sex"":""男"",""age"":""2"",""birthday"":""2019/10/14"",""bloodType"":""A型"",""cellPhoneNumber"":""090-6764-5737"",""relationship"":""娘"",""index"":378}",shibata36,56244435-89fe-42b6-9f51-faf4d45ff45b,井川 大五郎,イガワ ダイゴロウ,2019/10/14,2,男,A型,,,,,,,,,,,,,,,,,,,
"{""name"":""小畑 高史"",""kana"":""オバタ タカシ"",""lastName"":""小畑"",""firstName"":""高史"",""lastKana"":""オバタ"",""firstKana"":""タカシ"",""sex"":""男"",""age"":""0"",""birthday"":""2022/1/17"",""bloodType"":""O型"",""cellPhoneNumber"":""090-5492-2304"",""relationship"":""息子"",""index"":893}",shibata37,600d2719-ab1f-40bf-bcff-af56c39f7fc2,小畑 高史,オバタ タカシ,2022/1/17,0,男,O型,,,,,,,,,,,,,,,,,,,
"{""name"":""小畑 守"",""kana"":""オバタ マモル"",""lastName"":""小畑"",""firstName"":""守"",""lastKana"":""オバタ"",""firstKana"":""マモル"",""sex"":""男"",""age"":""0"",""birthday"":""2022/1/17"",""bloodType"":""A型"",""cellPhoneNumber"":""090-5492-2304"",""relationship"":""息子"",""index"":457}",shibata38,600d2719-ab1f-40bf-bcff-af56c39f7fc2,小畑 守,オバタ マモル,2022/1/17,0,男,A型,,,,,,,,,,,,,,,,,,,
"{""name"":""坂元 光博"",""kana"":""サカモト ミツヒロ"",""lastName"":""坂元"",""firstName"":""光博"",""lastKana"":""サカモト"",""firstKana"":""ミツヒロ"",""sex"":""男"",""age"":""0"",""birthday"":""2021/3/24"",""bloodType"":""O型"",""cellPhoneNumber"":""090-8593- 243"",""relationship"":""息子"",""index"":753}",shibata39,ca0ecbd7-5a76-4c8a-9cca-de19aeea7575,坂元 光博,サカモト ミツヒロ,2021/3/24,0,男,O型,,,,,,,,,,,,,,,,,,,
"{""name"":""坂元 勝久"",""kana"":""サカモト カツヒサ"",""lastName"":""坂元"",""firstName"":""勝久"",""lastKana"":""サカモト"",""firstKana"":""カツヒサ"",""sex"":""男"",""age"":""0"",""birthday"":""2021/3/24"",""bloodType"":""O型"",""cellPhoneNumber"":""090-8593- 243"",""relationship"":""息子"",""index"":739}",shibata40,ca0ecbd7-5a76-4c8a-9cca-de19aeea7575,坂元 勝久,サカモト カツヒサ,2021/3/24,0,男,O型,,,,,,,,,,,,,,,,,,,
"{""name"":""坂元 陽介"",""kana"":""サカモト ヨウスケ"",""lastName"":""坂元"",""firstName"":""陽介"",""lastKana"":""サカモト"",""firstKana"":""ヨウスケ"",""sex"":""男"",""age"":""2"",""birthday"":""2019/6/25"",""bloodType"":""B型"",""cellPhoneNumber"":""080-8776-8928"",""relationship"":""息子"",""index"":942}",shibata41,ca0ecbd7-5a76-4c8a-9cca-de19aeea7575,坂元 陽介,サカモト ヨウスケ,2019/6/25,2,男,B型,,,,,,,,,,,,,,,,,,,
"{""name"":""橘 隆太"",""kana"":""タチバナ リュウタ"",""lastName"":""橘"",""firstName"":""隆太"",""lastKana"":""タチバナ"",""firstKana"":""リュウタ"",""sex"":""男"",""age"":""6"",""birthday"":""2015/7/1"",""bloodType"":""B型"",""cellPhoneNumber"":""080-9162-7538"",""relationship"":""息子"",""index"":372}",shibata42,9ee24234-2b90-4883-a943-b5433a176395,橘 隆太,タチバナ リュウタ,2015/7/1,6,男,B型,,,,,,,,,,,,,,,,,,,
"{""name"":""橘 砂羽"",""kana"":""タチバナ サワ"",""lastName"":""橘"",""firstName"":""砂羽"",""lastKana"":""タチバナ"",""firstKana"":""サワ"",""sex"":""女"",""age"":""6"",""birthday"":""2015/7/1"",""bloodType"":""O型"",""cellPhoneNumber"":""080-9162-7538"",""relationship"":""息子"",""index"":705}",shibata43,9ee24234-2b90-4883-a943-b5433a176395,橘 砂羽,タチバナ サワ,2015/7/1,6,女,O型,,,,,,,,,,,,,,,,,,,
"{""name"":""橘 聡"",""kana"":""タチバナ サトシ"",""lastName"":""橘"",""firstName"":""聡"",""lastKana"":""タチバナ"",""firstKana"":""サトシ"",""sex"":""男"",""age"":""6"",""birthday"":""2015/7/1"",""bloodType"":""A型"",""cellPhoneNumber"":""080-9162-7538"",""relationship"":""息子"",""index"":343}",shibata44,9ee24234-2b90-4883-a943-b5433a176395,橘 聡,タチバナ サトシ,2015/7/1,6,男,A型,,,,,,,,,,,,,,,,,,,
"{""name"":""大原 未華子"",""kana"":""オオハラ ミカコ"",""lastName"":""大原"",""firstName"":""未華子"",""lastKana"":""オオハラ"",""firstKana"":""ミカコ"",""sex"":""女"",""age"":""2"",""birthday"":""2019/9/29"",""bloodType"":""A型"",""cellPhoneNumber"":""080- 827-3596"",""relationship"":""娘"",""index"":170}",shibata45,1cdf76d8-5ab8-439c-ba0d-7a5a2e2bb055,大原 未華子,オオハラ ミカコ,2019/9/29,2,女,A型,,,,,,,,,,,,,,,,,,,
"{""name"":""大原 有起哉"",""kana"":""オオハラ ユキヤ"",""lastName"":""大原"",""firstName"":""有起哉"",""lastKana"":""オオハラ"",""firstKana"":""ユキヤ"",""sex"":""男"",""age"":""2"",""birthday"":""2019/9/29"",""bloodType"":""A型"",""cellPhoneNumber"":""080- 827-3596"",""relationship"":""娘"",""index"":562}",shibata46,1cdf76d8-5ab8-439c-ba0d-7a5a2e2bb055,大原 有起哉,オオハラ ユキヤ,2019/9/29,2,男,A型,,,,,,,,,,,,,,,,,,,
"{""name"":""大原 景子"",""kana"":""オオハラ ケイコ"",""lastName"":""大原"",""firstName"":""景子"",""lastKana"":""オオハラ"",""firstKana"":""ケイコ"",""sex"":""女"",""age"":""2"",""birthday"":""2019/9/29"",""bloodType"":""A型"",""cellPhoneNumber"":""080- 827-3596"",""relationship"":""娘"",""index"":539}",shibata47,1cdf76d8-5ab8-439c-ba0d-7a5a2e2bb055,大原 景子,オオハラ ケイコ,2019/9/29,2,女,A型,,,,,,,,,,,,,,,,,,,
"{""name"":""大原 隆博"",""kana"":""オオハラ タカヒロ"",""lastName"":""大原"",""firstName"":""隆博"",""lastKana"":""オオハラ"",""firstKana"":""タカヒロ"",""sex"":""男"",""age"":""0"",""birthday"":""2021/3/14"",""bloodType"":""A型"",""cellPhoneNumber"":""090-6175-4187"",""relationship"":""息子"",""index"":988}",shibata48,1cdf76d8-5ab8-439c-ba0d-7a5a2e2bb055,大原 隆博,オオハラ タカヒロ,2021/3/14,0,男,A型,,,,,,,,,,,,,,,,,,,
