名前,ふりがな,性別,年齢,誕生日,血液型,都道府県,携帯
薬師丸 千夏,やくしまる ちなつ,女,5,2016/8/27,O型,静岡県,080-1735-2932
小沢 窈,おざわ よう,女,0,2021/5/29,O型,佐賀県,080-3786-1050
小宮 文世,こみや ふみよ,女,2,2019/9/23,AB型,埼玉県,080-7881-7459
笹原 翔,ささはら しょう,男,4,2017/11/22,AB型,群馬県,080-4966-1541
車 惇,くるま じゅん,男,5,2016/12/8,A型,北海道,090-6796-4480
玉井 早紀,たまい さき,女,3,2018/5/15,O型,広島県,080-5235-8014
中本 丈雄,なかもと たけお,男,1,2021/2/10,B型,東京都,080-6917-3830
福原 美佳,ふくはら みか,女,5,2016/7/6,O型,宮城県,080-3471-2192
日下部 直人,くさかべ なおと,男,3,2018/9/9,A型,兵庫県,090-9520-3113
本間 賢治,ほんま けんじ,男,1,2020/4/21,A型,静岡県,080-8172-6137
永田 京子,ながた きょうこ,女,5,2016/11/2,A型,神奈川県,080-7968-1208
武 千佳子,たけ ちかこ,女,1,2020/9/6,O型,兵庫県,080-7873-4568
安倍 徹,あべ とおる,男,2,2019/5/2,A型,福岡県,080-2840-9244
金井 真奈美,かない まなみ,女,4,2017/4/13,A型,東京都,090-3139-6900
今 徹平,こん てっぺい,男,0,2021/7/22,A型,福岡県,080-1286-1179
筧 陽介,かけい ようすけ,男,6,2015/3/27,O型,愛知県,090-6936-4989
大場 有海,おおば あみ,女,3,2018/6/22,B型,神奈川県,080-4139-3547
松岡 慶二,まつおか けいじ,男,5,2016/8/20,A型,福岡県,090-1907-9269
松島 功補,まつしま こうすけ,男,2,2020/1/2,B型,長野県,090-4448-  29
井上 えみ,いのうえ えみ,女,0,2021/11/24,B型,千葉県,090-8554-7349
石崎 麗奈,いしざき れな,女,2,2019/9/13,O型,大阪府,090-7229-2380
深沢 あさみ,ふかざわ あさみ,女,4,2017/7/4,O型,愛知県,080-8402- 790
堀江 真一,ほりえ しんいち,男,4,2017/8/30,A型,岡山県,090-1158- 364
重松 真悠子,しげまつ まゆこ,女,4,2017/12/21,A型,千葉県,090- 574-3923
笠井 美智子,かさい みちこ,女,0,2021/3/3,O型,岩手県,080-7409-2409
飯田 勇一,いいだ ゆういち,男,1,2020/6/22,A型,神奈川県,090-  62-2735
田村 陽介,たむら ようすけ,男,3,2018/11/16,A型,東京都,080- 520-7714
加藤 だん吉,かとう だんきち,男,1,2021/1/31,A型,千葉県,090-6316-7372
哀川 光良,あいかわ てるよし,男,1,2021/1/29,AB型,福岡県,090-7688-3728
山城 美咲,やましろ みさき,女,4,2017/7/1,O型,岐阜県,080-3083-2296
田辺 新太,たなべ あらた,男,4,2017/5/28,O型,神奈川県,080- 555-8955
田代 隆之介,たしろ りゅうのすけ,男,1,2020/4/2,B型,東京都,080-5060-7973
柏木 法子,かしわぎ のりこ,女,2,2019/3/26,B型,福岡県,090-1958-5609
永瀬 長利,ながせ ながとし,男,0,2021/11/17,O型,大阪府,080-5650-4771
はしの みき,はしの みき,女,2,2019/10/6,A型,神奈川県,090-6341-4995
戸田 直人,とだ なおと,男,1,2020/9/30,O型,新潟県,090-8598-7092
香椎 みあ,かしい みあ,女,5,2017/2/10,AB型,静岡県,080-8896-7944
角谷 早紀,かどたに さき,女,3,2018/6/16,A型,岐阜県,080-6642-5195
河合 沙耶,かわい さや,女,2,2019/7/6,A型,神奈川県,080-5059-4916
中根 拓郎,なかね たくろう,男,5,2017/1/15,A型,山形県,080-3446-6388
三船 誠治,みふね せいじ,男,4,2017/3/27,A型,神奈川県,090-8738-4417
中根 菜摘,なかね なつみ,女,0,2021/4/20,O型,福岡県,090-3523-1886
塩田 愛子,しおた あいこ,女,3,2019/2/17,O型,島根県,090-7491-2474
薬師丸 慶太,やくしまる けいた,男,3,2018/11/16,A型,茨城県,080-4739-2387
秋山 まさみ,あきやま まさみ,女,2,2019/9/3,A型,栃木県,090-3688- 479
飯田 詩織,いいだ しおり,女,2,2019/3/23,A型,徳島県,080-2158-4042
高沢 知史,たかさわ ともふみ,男,1,2020/12/5,B型,東京都,090-8046-8724
竹内 勇太,たけうち ゆうた,男,4,2017/11/26,A型,兵庫県,080-1979-7662
森口 夏空,もりぐち そら,女,2,2019/2/23,O型,神奈川県,080-1684- 313
今井 コウ,いまい こう,女,5,2017/2/5,B型,埼玉県,090-3146-1672
神戸 博之,こうべ ひろゆき,男,5,2017/1/19,B型,京都府,080-3260-6376
松永 あおい,まつなが あおい,女,1,2020/9/13,A型,愛知県,090-8855-3106
浜崎 秀隆,はまさき ひでたか,男,5,2016/4/6,O型,山口県,090-2521-2135
織田 ヒカル,おだ ひかる,女,4,2017/6/30,A型,北海道,090-3930-8897
新谷 優一,あらや ゆういち,男,5,2016/6/8,A型,愛知県,080-1895-2491
金森 礼子,かなもり れいこ,女,4,2017/10/10,AB型,茨城県,090-9108- 536
山城 きみまろ,やましろ きみまろ,男,2,2019/12/25,B型,愛知県,090-4891- 396
守屋 まさみ,もりや まさみ,女,4,2017/6/14,B型,千葉県,090-3379- 980
中谷 希,なかたに のぞみ,女,4,2017/5/2,A型,愛知県,090-8228-6076
池谷 翔,いけたに しょう,男,2,2019/4/21,A型,岩手県,080-8113-1215
吉野 璃子,よしの りこ,女,5,2016/9/27,A型,宮城県,080-2818-6774
杉野 未來,すぎの みらい,男,0,2021/4/11,A型,大阪府,090-5872-1286
三宅 友以乃,みやけ ゆいの,女,4,2017/10/21,A型,大阪府,090-3943-6261
門脇 樹里,かどわき じゅり,女,0,2021/7/27,B型,富山県,090-5216-3785
小谷 光臣,こたに みつおみ,男,1,2021/1/31,AB型,大分県,090- 146-9156
茂木 まひる,もぎ まひる,女,5,2017/2/9,B型,埼玉県,080-4957-6831
鈴木 ひろみ,すずき ひろみ,女,1,2020/5/30,B型,佐賀県,090-3136-4844
宮迫 雅彦,みやさこ まさひこ,男,1,2020/10/25,O型,静岡県,080-5180-4546
長沢 さやか,ながさわ さやか,女,0,2021/4/5,A型,群馬県,090-2277-9249
内野 まさみ,うちの まさみ,女,5,2016/8/26,A型,新潟県,080-2614-  43
加藤 勇太,かとう ゆうた,男,2,2019/3/30,A型,北海道,080-9375-4191
五味 憲史,ごみ のりひと,男,1,2021/1/9,O型,茨城県,080-8112-4064
古山 翔子,ふるやま しょうこ,女,4,2017/6/26,A型,福岡県,090-5170-4952
山崎 くるみ,やまざき くるみ,女,1,2020/10/21,A型,埼玉県,090-8824-9960
八木 薫,やぎ かおる,女,5,2016/4/5,AB型,東京都,080-3488-7758
相馬 一哉,あいば かずや,男,1,2020/5/11,O型,兵庫県,080-6148-6668
今村 ちえみ,いまむら ちえみ,女,2,2019/6/27,B型,三重県,090-2761-3119
浅見 結衣,あさみ ゆい,女,3,2018/4/23,B型,神奈川県,090-7729-8150
安藤 三郎,あんどう さぶろう,男,3,2018/11/28,AB型,北海道,080-5799-5798
小林 優,こばやし ゆう,女,1,2020/7/10,A型,東京都,080-1841-3546
瀬戸 鉄二,せと てつじ,男,3,2019/1/27,O型,東京都,090-5427-1994
三田 昌代,みた まさよ,女,4,2017/4/8,A型,宮城県,090- 974-3374
河原 砂羽,かわはら さわ,女,4,2017/11/12,A型,長崎県,090-6902-3216
寺尾 花緑,てらお かろく,男,3,2018/12/13,B型,佐賀県,090-7724-5868
西原 一輝,にしはら かずき,男,2,2019/6/29,A型,熊本県,080-3862- 230
白川 亮,しらかわ りょう,男,5,2016/5/19,A型,愛知県,090-5991-4226
川端 信吾,かわばた しんご,男,5,2016/10/16,B型,静岡県,080-6729-9983
倉田 真奈美,くらた まなみ,女,1,2020/10/15,O型,愛知県,080-8815-1633
難波 美佳,なんば みか,女,4,2017/8/3,O型,徳島県,080-4844-1157
田上 明,たうえ あきら,男,2,2020/2/17,A型,千葉県,080-6982- 795
菅原 華子,すがわら はなこ,女,4,2018/1/19,B型,千葉県,080-2653-7015
栗田 真帆,くりた まほ,女,5,2017/1/15,B型,福岡県,090-9958-8776
遠山 遥,とおやま はるか,女,0,2021/11/2,O型,京都府,080-7737-6728
阿部 亮,あべ りょう,男,0,2021/7/20,O型,大阪府,080-9087-4779
笠井 華子,かさい はなこ,女,0,2021/4/1,A型,群馬県,080-3686-2017
小峰 美幸,こみね みゆき,女,1,2020/8/29,B型,神奈川県,080-7847-7485
末永 勇一,すえなが ゆういち,男,5,2016/7/21,O型,静岡県,090-3294-5459
浅川 敏也,あさかわ としや,男,4,2017/4/6,O型,鹿児島県,090-1879-2385
古山 憲一,ふるやま けんいち,男,4,2017/9/11,O型,奈良県,090-9400- 416
竹内 ケンイチ,たけうち けんいち,男,0,2021/6/2,AB型,福岡県,080-3324-6612
永山 亮,ながやま りょう,男,1,2020/10/15,O型,石川県,080-9333-2568
河本 美幸,こうもと みゆき,女,4,2017/6/27,AB型,兵庫県,090-6693-5870
亀田 季衣,かめだ としえ,女,0,2021/12/7,A型,大阪府,080-9175-6185
中尾 優一,なかお ゆういち,男,4,2017/5/30,O型,神奈川県,080-3096-2624
阪口 高史,さかぐち たかし,男,3,2018/9/30,A型,佐賀県,080-1204-8503
津川 翔太,つがわ しょうた,男,0,2021/3/2,O型,奈良県,080-3532-7626
今田 明日,いまだ めいび,女,1,2020/8/3,AB型,山形県,080-9576-6168
堀 未來,ほり みらい,男,4,2017/7/29,A型,茨城県,080-1421-4589
前野 未華子,まえの みかこ,女,5,2016/9/11,O型,愛知県,080-8585-4103
宍戸 瞳,ししど ひとみ,女,5,2017/1/16,O型,兵庫県,090-7329-5310
末永 一樹,すえなが かずき,男,1,2021/1/10,B型,群馬県,090-5228-9284
宇佐美 一徳,うさみ いっとく,男,4,2017/4/6,A型,神奈川県,090-1469-5380
長瀬 フミヤ,ながせ ふみや,男,0,2021/11/9,O型,山口県,090-4125-6719
西 敏也,にし としや,男,1,2020/8/8,B型,兵庫県,090- 194-7746
前野 浩介,まえの こうすけ,男,4,2017/7/15,B型,福島県,080-1410-8912
河田 亮,かわた りょう,男,1,2020/11/19,A型,東京都,080-3091-7464
宮沢 晃司,みやざわ こうじ,男,3,2018/11/28,O型,神奈川県,080-3699-1808
椎名 優,しいな ゆう,女,4,2017/10/26,AB型,愛知県,090-5903-9028
池田 昌代,いけだ まさよ,女,0,2021/11/12,O型,栃木県,090-4772-2680
亀井 慢太郎,かめい まんたろう,男,1,2021/1/27,AB型,宮城県,090-8530-1429
木原 さやか,きはら さやか,女,4,2017/4/20,O型,福岡県,090-2627-8721
曽我 樹里,そが じゅり,女,4,2017/7/27,A型,千葉県,080-5405-2569
小木 だん吉,おぎ だんきち,男,5,2016/5/29,O型,山梨県,080-2058-8923
広田 みあ,ひろた みあ,女,0,2022/2/2,A型,東京都,080- 244-6753
大後 徹,おおご とおる,男,3,2018/10/27,B型,広島県,090-7116-7721
松川 雅彦,まつかわ まさひこ,男,5,2016/12/8,B型,神奈川県,090-7365-7747
末吉 信輔,すえきち しんすけ,男,1,2020/6/10,O型,東京都,080-5522-3099
阪本 竜次,さかもと りゅうじ,男,3,2018/5/18,A型,大阪府,090-5442-7183
島崎 惇,しまざき じゅん,男,2,2019/6/16,O型,神奈川県,080-5359-7596
牧 由宇,まき ゆう,女,0,2021/3/13,B型,東京都,080-5877-9163
長澤 文世,ながさわ ふみよ,女,0,2021/4/5,O型,東京都,090-7826- 639
角谷 まなみ,かどたに まなみ,女,2,2019/12/22,O型,埼玉県,080- 185-7611
伊丹 俊二,いたみ しゅんじ,男,4,2017/11/26,AB型,岡山県,090-8268-9665
坂元 慶太,さかもと けいた,男,4,2017/4/1,A型,東京都,090-8383-2590
氏家 三省,うじいえ さんせい,男,4,2017/6/5,A型,北海道,090-8650-4866
岡村 正義,おかむら まさよし,男,1,2020/3/5,B型,愛媛県,090-1989-5290
大江 美月,おおえ みづき,女,1,2020/10/6,O型,東京都,080-5644-4449
田島 弘也,たじま ひろなり,男,1,2020/4/20,A型,宮城県,080- 557-2192
深井 涼子,ふかい りょうこ,女,6,2015/9/10,A型,大阪府,090-9957-9902
安部 希,あべ のぞみ,女,4,2017/4/5,A型,山口県,080-3712-5892
堀江 翔太,ほりえ しょうた,男,3,2018/10/20,O型,茨城県,090-9713-1820
松沢 きみまろ,まつざわ きみまろ,男,0,2021/3/31,B型,長崎県,090-1448- 759
小久保 広之,こくぼ ひろゆき,男,4,2017/8/3,O型,広島県,080-6933-8780
菅野 小雁,すがの こがん,男,2,2019/4/12,A型,埼玉県,090-3214-4002
徳重 恵子,とくしげ けいこ,女,4,2017/6/1,O型,茨城県,090-4438-4030
釈 礼子,しゃく れいこ,女,2,2019/8/11,O型,大阪府,080-1510-8334
日下部 ひろ子,くさかべ ひろこ,女,2,2019/2/27,A型,京都府,080-6955-6389
小林 小百合,こばやし さゆり,女,4,2018/1/17,A型,静岡県,080-2799-8389
金森 隆博,かなもり たかひろ,男,3,2018/11/9,A型,山口県,080-5761-3727
脇田 明,わきた あきら,男,0,2021/5/23,A型,愛知県,090-8331-4913
三輪 大樹,みわ ひろき,男,4,2017/10/24,O型,兵庫県,090-9629-5317
浜田 長利,はまだ ながとし,男,0,2021/12/28,B型,静岡県,080-9708-4668
奥 洋,おく よう,男,0,2021/8/9,A型,千葉県,080-5022-5746
伊藤 麗奈,いとう れな,女,0,2021/11/18,B型,新潟県,080-9804-9648
畠中 ひろ子,はたなか ひろこ,女,1,2020/10/11,A型,福岡県,090-6934- 145
吉岡 麻緒,よしおか まお,女,2,2019/5/19,A型,京都府,090-4136-1771
大谷 さとみ,おおたに さとみ,女,2,2019/8/31,A型,山口県,080-5193-2279
広田 さんま,ひろた さんま,男,4,2017/9/6,O型,神奈川県,090-2308-2385
寺尾 有起哉,てらお ゆきや,男,5,2017/2/7,O型,沖縄県,090-3783-2366
高岡 あさみ,たかおか あさみ,女,3,2018/6/28,B型,東京都,080-4101-4112
長浜 大樹,ながはま ひろき,男,4,2017/8/5,B型,大阪府,080-7269-5900
小川 慶太,おがわ けいた,男,2,2019/6/18,O型,熊本県,090-2042-3297
山田 康文,やまだ やすふみ,男,3,2018/12/9,A型,愛知県,090-5952-3683
神原 優,かんばら ゆう,女,5,2016/9/20,O型,神奈川県,090-7324-8213
笹原 碧海,ささはら おうが,男,1,2020/6/21,O型,北海道,080-2169-3776
高岡 弘也,たかおか ひろなり,男,5,2016/8/16,O型,宮城県,090-1050-2859
難波 丈史,なんば たけし,男,0,2021/3/26,A型,大阪府,080-4219- 181
塩見 希,しおみ のぞみ,女,4,2017/3/12,O型,高知県,080-8780-1153
中谷 竜次,なかたに りゅうじ,男,0,2021/12/31,A型,石川県,080-1846-9460
下村 礼子,しもむら れいこ,女,6,2016/1/8,A型,広島県,080-5729-7472
前田 未華子,まえだ みかこ,女,2,2019/9/29,A型,福岡県,080- 827-3596
蒼井 研二,あおい けんじ,男,5,2016/6/8,A型,愛知県,090-9004-8244
安永 里奈,やすなが りな,女,0,2021/7/30,O型,北海道,080-1928-5616
瀬川 友以乃,せがわ ゆいの,女,4,2017/12/22,A型,福岡県,080-4616-5657
野中 美紀,のなか みき,女,0,2021/12/12,A型,大阪府,090-6912-8755
川本 だん吉,かわもと だんきち,男,1,2020/11/28,A型,青森県,080-2384-9019
角谷 メイサ,かどたに めいさ,女,5,2017/2/7,A型,沖縄県,090-7188-2191
益岡 丈雄,ますおか たけお,男,5,2016/6/14,O型,大阪府,080-4111-5936
西村 健,にしむら けん,男,6,2016/1/6,A型,兵庫県,080-7389-8115
堤 栄一,つつみ えいいち,男,0,2021/8/3,A型,大阪府,080-6722-3799
車 仁晶,くるま ひろあき,男,1,2021/1/7,O型,宮崎県,080- 384-9694
岩永 はるか,いわなが はるか,女,0,2021/11/13,A型,東京都,080-5443- 248
高梨 仁晶,たかなし ひろあき,男,0,2021/12/9,AB型,広島県,080-2999-5306
米沢 真一,よねざわ しんいち,男,3,2018/9/7,B型,福島県,090-5106-7922
杉原 一輝,すぎはら かずき,男,0,2022/2/1,O型,山梨県,080-4616-6456
上原 浩介,うえはら こうすけ,男,3,2018/3/15,A型,広島県,080-3669-6047
有賀 一恵,ありが かづえ,女,1,2020/7/13,AB型,茨城県,080-7664-9567
岩田 綾女,いわた あやめ,女,0,2021/8/7,O型,宮城県,080-8811-7002
沢井 はるか,さわい はるか,女,5,2016/3/8,O型,埼玉県,080-9220-2069
南 隆博,みなみ たかひろ,男,5,2016/3/25,B型,香川県,080-9758-6133
合田 璃子,あいだ りこ,女,4,2017/11/14,B型,奈良県,080-3128-2065
松本 くるみ,まつもと くるみ,女,3,2018/7/2,B型,山口県,090-5352-4548
篠原 剛基,しのはら よしき,男,4,2017/6/23,O型,神奈川県,080-9431-6521
今井 千佳子,いまい ちかこ,女,4,2017/7/19,B型,静岡県,080-9932-7651
富岡 なぎさ,とみおか なぎさ,女,0,2021/8/2,A型,静岡県,090-1955-3179
寺井 花緑,てらい かろく,男,5,2016/8/18,O型,山形県,090-9082-2676
木原 亜希,きはら あき,女,5,2016/3/4,A型,滋賀県,080- 575-5984
坂本 路子,さかもと みちこ,女,0,2021/8/12,A型,大阪府,080-2325- 724
北田 菊生,きただ きくお,男,4,2017/4/8,O型,福井県,080-4387-7082
富樫 米蔵,とがし よねぞう,男,4,2017/4/21,A型,神奈川県,080-2786-7719
安部 薫,あべ かおる,女,3,2018/3/16,O型,鹿児島県,090-8349-1679
安藤 扶樹,あんどう もとき,男,5,2016/7/29,O型,兵庫県,080-9756-2731
広田 マサカズ,ひろた まさかず,男,4,2018/2/15,A型,新潟県,090-4300-6167
勝地 恵子,かつぢ けいこ,女,2,2019/9/10,A型,愛知県,080-7604-5098
貫地谷 遥,かんじや はるか,女,1,2021/1/11,A型,東京都,080-7937-7793
坂東 光良,ばんとう てるよし,男,1,2020/10/12,A型,鹿児島県,090-8933-6351
小堀 優,こほり ゆう,女,4,2018/1/20,A型,北海道,080-4539-3215
小野田 ノブヒコ,おのだ のぶひこ,男,2,2020/1/26,O型,東京都,090-5299-1983
小西 ジローラモ,こにし じろーらも,男,5,2017/1/31,A型,兵庫県,090-6120-8007
薬師丸 優,やくしまる ゆう,男,0,2021/10/23,B型,山梨県,080- 757-8190
田沢 惇,たざわ あつし,男,3,2019/1/12,A型,富山県,080-2287-3565
大坪 小百合,おおつぼ さゆり,女,2,2019/11/9,A型,石川県,090-1384-1988
小宮 憲一,こみや けんいち,男,0,2021/3/6,A型,滋賀県,080-2331-7885
松尾 季衣,まつお としえ,女,5,2016/9/30,A型,広島県,080-3556-  41
園田 小百合,そのだ さゆり,女,3,2019/1/5,O型,千葉県,090- 782-3023
福本 耕司,ふくもと こうじ,男,6,2015/10/19,A型,和歌山県,090-9958-3394
三村 隆之介,みむら りゅうのすけ,男,4,2017/8/10,A型,愛知県,080-6688-2086
菅澤 康文,すがさわ やすふみ,男,3,2018/11/3,A型,長野県,090-1042-6649
坂下 美佐,さかした みさ,女,4,2017/4/16,A型,三重県,090-4694-9722
紺野 希,こんの のぞみ,女,6,2016/2/7,O型,兵庫県,080-1205-1270
清田 宏,きよた ひろし,男,2,2019/8/17,O型,北海道,080-5409-1152
足立 寿々花,あだち すずか,女,3,2019/1/31,A型,岩手県,080-9575-2189
片桐 徹,かたぎり とおる,男,2,2019/6/11,O型,大阪府,080-2767-9744
芦屋 涼子,あしや りょうこ,女,0,2021/8/27,AB型,愛知県,090- 451-4237
寺尾 雅彦,てらお まさひこ,男,4,2017/4/23,B型,宮城県,090-6743-2496
相原 優,あいはら ゆう,女,3,2018/5/14,A型,千葉県,090-4909-2651
中尾 勇一,なかお ゆういち,男,0,2022/2/10,A型,北海道,080-2940-6938
阪本 さゆり,さかもと さゆり,女,3,2018/8/18,A型,福岡県,090-3446-8580
秦 さやか,はた さやか,女,5,2016/11/22,AB型,岡山県,090-3553-4094
竹内 明,たけうち あきら,男,2,2019/8/26,A型,熊本県,090-6999-2758
木本 徹平,きもと てっぺい,男,2,2019/10/24,AB型,大分県,080-2098-7063
沢井 恵梨香,さわい えりか,女,1,2020/9/13,B型,兵庫県,080-6082-5961
須藤 佑,すどう たすく,男,3,2018/3/13,A型,神奈川県,080-2016-7415
上原 夏希,うえはら なつき,女,4,2017/6/14,O型,茨城県,080-2687-4147
坂口 光,さかぐち ひかる,女,4,2017/4/28,O型,長野県,090-4817-5159
児島 春樹,こじま はるき,女,5,2016/9/3,O型,長野県,090-8139-6051
滝口 ケンイチ,たきぐち けんいち,男,4,2017/8/8,A型,大阪府,080-9572-8112
大浦 ひろ子,おおうら ひろこ,女,0,2021/2/20,B型,埼玉県,090-  88-6145
河原 広司,かわはら こうじ,男,4,2017/3/23,O型,東京都,080-3043-2851
大沼 愛子,おおぬま あいこ,女,1,2020/12/5,A型,埼玉県,090-9853-2065
仲村 一輝,なかむら かずき,男,1,2020/12/2,AB型,山梨県,080-9161-9135
森下 禄郎,もりした ろくろう,男,4,2018/1/5,B型,東京都,080-5373-1645
川西 みあ,かわにし みあ,女,1,2020/6/12,O型,埼玉県,080-1483-9192
内海 杏,うちみ あん,女,5,2016/3/18,AB型,山口県,090-7078-5379
山本 薫,やまもと かおる,女,5,2016/3/23,AB型,宮城県,080-1114-1080
尾崎 薫,おざき かおる,男,5,2017/1/10,A型,神奈川県,080-2289-8344
田口 ひろみ,たぐち ひろみ,女,4,2017/11/19,O型,福岡県,090-1677-4589
上野 晃司,うえの こうじ,男,0,2021/6/21,B型,埼玉県,090-5665-5212
ユースケ ひろ子,ゆーすけ ひろこ,女,4,2017/9/16,AB型,埼玉県,090-8590-8817
岩谷 郁恵,いわたに いくえ,女,2,2019/9/28,O型,徳島県,090-7223-9914
本間 南朋,ほんま なお,女,0,2021/6/2,O型,福岡県,090-1191-2378
北川 亜希,きたかわ あき,女,4,2018/1/10,O型,茨城県,080-8256- 665
沖田 さとみ,おきた さとみ,女,0,2021/6/30,AB型,奈良県,090-7382-1739
真田 夏希,さなだ なつき,女,3,2018/11/17,O型,埼玉県,080-7910-2529
金山 真希,かなやま まき,女,0,2022/1/1,O型,徳島県,080-3190-6658
西脇 夏空,にしわき そら,女,5,2016/4/4,O型,千葉県,080-7190-5316
山上 晴臣,やまがみ はるおみ,男,0,2021/3/25,A型,鹿児島県,080-6102-7307
野崎 結子,のざき ゆうこ,女,2,2019/12/30,B型,東京都,090-1978-9618
千葉 亜希,ちば あき,女,1,2020/10/25,O型,富山県,080-5733-8175
手島 りえ,てじま りえ,女,5,2017/1/10,A型,千葉県,080-5421-9061
関口 りえ,せきぐち りえ,女,2,2019/5/15,A型,青森県,080-8267-4012
根岸 将也,ねぎし まさや,男,5,2017/1/15,O型,岐阜県,080-2431-1708
飛田 小雁,ひだ こがん,男,1,2020/9/28,B型,埼玉県,090-9585-2193
細川 そら,ほそかわ そら,女,4,2017/7/8,A型,滋賀県,090-3437-7863
内田 涼,うちだ りょう,女,0,2021/12/1,B型,福岡県,080-3663- 332
飯島 良介,いいじま りょうすけ,男,0,2021/6/13,O型,熊本県,090- 879-8764
後藤 一輝,ごとう かずき,男,0,2022/1/9,A型,秋田県,090-8065-3589
春日 恵子,かすが けいこ,女,1,2020/11/8,O型,北海道,080-4045-9713
寺本 有起哉,てらもと ゆきや,男,3,2018/8/17,A型,福岡県,080-2481- 794
寺島 徹平,てらしま てっぺい,男,2,2019/3/3,O型,福岡県,080-5888-9566
平野 良介,ひらの りょうすけ,男,0,2021/3/2,A型,千葉県,090-2485-4706
浅沼 芽以,あさぬま めい,女,2,2019/10/20,B型,京都府,090-8565-4226
柳家 一輝,やなぎや かずき,男,4,2017/6/12,B型,兵庫県,090-2181-8900
織田 花緑,おだ かろく,男,2,2019/5/27,B型,静岡県,080-3131-6347
岸 莉緒,きし りお,女,4,2017/10/2,O型,愛知県,090-2116- 900
赤坂 兼,あかさか けん,男,4,2018/2/5,O型,熊本県,080-7488-4009
岩本 莉央,いわもと りお,女,4,2017/6/16,O型,長野県,090-3818-9282
大場 菊生,おおば きくお,男,5,2016/3/18,A型,愛知県,080-6213-3135
岡部 宏行,おかべ ひろゆき,男,0,2021/4/25,O型,愛知県,080-8291-7154
前野 奈月,まえの なつき,女,0,2021/7/15,O型,神奈川県,090-5971-8233
細川 華子,ほそかわ はなこ,女,0,2021/4/24,A型,福岡県,080-1636-8218
池谷 洋介,いけたに ようすけ,男,5,2017/2/16,O型,東京都,080-1989-3083
市川 直人,いちかわ なおと,男,0,2021/10/15,O型,広島県,090-8217-6636
比嘉 路子,ひよし みちこ,女,5,2016/9/4,O型,東京都,090-9649-2653
土田 璃子,つちだ りこ,女,5,2016/8/15,A型,三重県,090-7118-2436
志村 茜,しむら あかね,女,4,2017/9/19,O型,石川県,090-1982-3422
黒川 たかお,くろかわ たかお,男,4,2017/11/14,B型,神奈川県,080-5401-8674
土井 光良,どい てるよし,男,3,2018/3/15,A型,鹿児島県,090-9207-5741
風間 美佐,かざま みさ,女,3,2018/10/17,O型,大阪府,090-6414- 949
岩下 人志,いわした ひとし,男,4,2017/9/10,O型,京都府,090-2128-6593
岡島 恵子,おかじま けいこ,女,1,2020/12/9,O型,岐阜県,090- 170-9226
宮脇 右京,みやわき うきょう,男,4,2017/3/25,A型,東京都,090-2897-7555
岩田 洋,いわた よう,男,3,2019/1/24,AB型,大阪府,090-8053-3624
清野 雄太,きよの ゆうた,男,1,2020/7/28,O型,長野県,090-6443-2636
美輪 莉沙,みわ りさ,女,0,2021/12/26,B型,東京都,090-5728-1648
相武 明日,あいぶ めいび,女,3,2018/9/3,AB型,福井県,080-4743-6475
大川 倫子,おおかわ のりこ,女,1,2020/9/28,O型,北海道,090-6197-3137
堀 淳子,ほり あつこ,女,4,2017/12/19,O型,神奈川県,090-6456- 945
土屋 はるか,つちや はるか,女,4,2017/7/12,AB型,三重県,090-2396-9292
寺岡 ヒカル,てらおか ひかる,女,1,2020/7/15,B型,神奈川県,090-2566-9061
森田 瞳,もりた ひとみ,女,5,2017/1/9,O型,三重県,090-3333-4021
秋葉 剛基,あきば よしき,男,2,2019/8/9,AB型,三重県,080-7282-9132
小林 碧海,こばやし おうが,男,2,2019/4/12,B型,滋賀県,080-5239-4326
豊原 春樹,とよはら はるき,女,3,2018/5/7,AB型,埼玉県,090-4140-9894
曽我 窈,そが よう,女,3,2018/11/14,O型,沖縄県,080-5251-3609
北村 建,きたむら けん,男,4,2017/12/8,B型,愛知県,080-3040-2918
吉永 長利,よしなが ながとし,男,2,2019/11/24,O型,福島県,090-8169-9016
米倉 博明,よねくら ひろあき,男,0,2021/5/12,B型,岐阜県,080-1802-1518
中原 聡,なかはら さとし,男,6,2016/1/22,B型,島根県,080- 424-4848
倉田 努,くらた つとむ,男,3,2018/8/11,O型,兵庫県,080-9001-3718
六角 未來,ろっかく みらい,男,3,2019/1/28,A型,栃木県,080- 740-6679
中川 進,なかがわ すすむ,男,2,2020/1/10,O型,福岡県,080-5647-9336
志水 未來,しみず みらい,女,1,2020/8/13,O型,埼玉県,090-5484- 183
若松 未華子,わかまつ みかこ,女,3,2018/6/21,B型,愛媛県,090-5302-9883
明石 正義,あかし まさよし,男,3,2018/10/10,B型,山口県,090-2390-9529
金沢 佳乃,かねざわ よしの,女,5,2016/3/3,O型,鹿児島県,080-3058-2689
石倉 博之,いしくら ひろゆき,男,2,2019/7/8,O型,東京都,080-8396-9004
高島 小百合,たかしま さゆり,女,4,2017/10/5,O型,神奈川県,080-7352-3452
田辺 寛治,たなべ かんじ,男,4,2017/5/27,B型,兵庫県,080-2638-9684
峰 サンタマリア,みね さんたまりあ,女,4,2017/9/30,AB型,愛知県,090-7787-1206
小川 勇,おがわ ゆう,女,2,2019/9/19,O型,東京都,090-1106-8496
脇田 隆,わきた たかし,男,4,2018/2/7,A型,広島県,080-1162-6672
中島 和香,なかしま わか,女,1,2020/6/27,O型,徳島県,080-4890-7773
成瀬 はるみ,なるせ はるみ,女,2,2019/9/1,O型,大阪府,090-5018-5026
松崎 浩介,まつざき こうすけ,男,2,2019/5/3,A型,神奈川県,080-3991-9166
辻本 一,つじもと はじめ,男,2,2019/6/14,O型,北海道,090-7720-1561
大林 一代,おおばやし かずよ,女,1,2020/3/31,A型,愛媛県,080-5906- 744
坪井 哲平,つぼい てっぺい,男,4,2017/12/27,A型,兵庫県,090-9945-8459
橘 六郎,たちばな ろくろう,男,6,2016/1/2,O型,大阪府,090-5248-1772
大和 惇,やまと じゅん,男,0,2021/7/29,A型,神奈川県,080-9273-1331
奥野 ひろみ,おくの ひろみ,女,1,2020/5/7,O型,鹿児島県,080-2735-6769
米田 真奈美,よねだ まなみ,女,1,2021/2/11,B型,京都府,090-6244-9304
青山 誠一,あおやま せいいち,男,1,2020/4/9,O型,神奈川県,090-9508-1942
西口 愛子,にしぐち あいこ,女,0,2021/12/31,AB型,埼玉県,080-1888-4619
劇団 さんま,げきだん さんま,男,4,2017/3/5,AB型,東京都,080-3969- 426
亀井 サダヲ,かめい さだお,男,3,2018/12/15,O型,大阪府,080-7523- 137
今村 愛,いまむら あい,女,5,2016/2/25,O型,東京都,080-1404-2366
皆川 遥,みなかわ はるか,女,4,2018/1/31,O型,石川県,080-3035-2134
須藤 ひとみ,すどう ひとみ,女,2,2019/9/16,O型,沖縄県,080-2509-5754
森岡 早織,もりおか さおり,女,3,2018/10/27,O型,群馬県,080-9338-3630
深沢 沙知絵,ふかざわ さちえ,女,4,2017/11/22,B型,長野県,090-1626- 119
原田 隆之介,はらだ りゅうのすけ,男,4,2017/11/5,A型,沖縄県,080-  78- 613
羽田 俊二,はた しゅんじ,男,2,2019/4/22,O型,神奈川県,080-2753-8219
松川 聡,まつかわ さとし,男,1,2020/11/22,A型,埼玉県,080-1672-1225
福田 裕司,ふくだ ゆうじ,男,4,2017/4/19,B型,千葉県,090-5024-8374
小市 宏,こいち ひろし,男,5,2016/8/18,B型,宮城県,090-5526- 731
高橋 友也,たかはし ともや,男,3,2018/7/3,A型,熊本県,080-6050-9112
浦野 博之,うらの ひろゆき,男,2,2019/4/22,A型,神奈川県,090-1895-3326
宮沢 和久,みやざわ かずひさ,男,3,2018/12/1,A型,滋賀県,080-2749-7603
亀山 貴美子,かめやま きみこ,女,5,2017/1/24,B型,千葉県,090-7701-4030
安 優,やす ゆう,女,4,2017/2/28,O型,広島県,080-4609-7512
末永 怜奈,すえなが れいな,女,1,2020/8/3,B型,長野県,090-6173-9570
奥村 璃子,おくむら りこ,女,1,2020/11/2,B型,北海道,080-3132-1160
福田 慶二,ふくだ けいじ,男,0,2021/10/15,O型,広島県,080-1041-8831
杉野 洋介,すぎの ようすけ,男,2,2019/4/16,A型,佐賀県,090-5626-5560
久野 晃司,ひさの こうじ,男,3,2019/1/3,A型,長野県,090-3052-9706
戸田 一樹,とだ かずき,男,5,2016/10/18,B型,愛知県,090-8973-4110
矢野 めぐみ,やの めぐみ,女,4,2017/5/31,A型,静岡県,090-8715-6601
畠中 まなみ,はたなか まなみ,女,2,2019/12/24,AB型,佐賀県,090-4348-2473
真田 美咲,さなだ みさき,女,4,2017/7/14,B型,埼玉県,090-6477-9134
杉野 知世,すぎの ちせ,女,4,2017/10/23,A型,群馬県,090-2309-2103
今野 まさし,いまの まさし,男,3,2018/10/19,O型,兵庫県,080-1380-8294
赤羽 耕司,あかばね こうじ,男,1,2021/2/4,O型,石川県,090-7006-1531
矢作 ケンイチ,やはぎ けんいち,男,5,2016/8/1,B型,大阪府,080-6918-8244
池本 扶樹,いけもと もとき,男,4,2017/8/5,A型,秋田県,090-1299-9170
内田 達士,うちだ たつひと,男,2,2019/3/11,B型,滋賀県,090-  17-4830
小野 璃奈子,おの りなこ,女,1,2020/6/19,A型,京都府,090-2106-2040
仲田 博之,なかた ひろゆき,男,4,2017/6/7,A型,北海道,080-8457-1336
塩見 寛治,しおみ かんじ,男,3,2018/8/3,O型,新潟県,090-7894-9386
八木 理紗,やぎ りさ,女,1,2020/12/5,B型,東京都,080-7564-7007
滝本 ヒロ,たきもと ひろ,男,5,2016/8/3,A型,岐阜県,090-1430-5195
生田 陽介,なまた ようすけ,男,4,2018/2/7,B型,和歌山県,080-6658-9145
鹿島 隆太,かしま りゅうた,男,4,2017/7/1,B型,埼玉県,080-9162-7538
神崎 恵梨香,かんざき えりか,女,5,2016/8/20,O型,長野県,090-3772-7949
神崎 和久,かんざき かずひさ,男,4,2018/1/29,O型,宮城県,090- 274-8709
宇田川 まさみ,うだがわ まさみ,女,3,2018/12/22,A型,広島県,090-6915-8726
末永 菊生,すえなが きくお,男,1,2020/11/26,AB型,愛知県,090-9756-8156
寺井 杏,てらい あん,女,3,2018/4/29,O型,青森県,090- 138-5441
辻 大五郎,つじ だいごろう,男,4,2017/5/7,A型,千葉県,080-9929-  61
寺島 晃司,てらじま こうじ,男,2,2019/9/17,B型,滋賀県,080-5547-5829
小栗 陽介,おぐり ようすけ,男,1,2020/8/23,B型,埼玉県,080-7905- 552
山村 景子,やまむら けいこ,女,3,2018/9/3,A型,福島県,080-7101-2417
角田 高史,かどた たかし,男,5,2016/4/24,B型,神奈川県,090-4215-2320
西岡 美佐子,にしおか みさこ,女,2,2020/2/12,A型,東京都,080-6373-7779
野上 草太,のがみ そうた,男,4,2017/5/21,A型,長崎県,080-2485-9863
唐沢 一哉,からさわ かずや,男,0,2021/12/9,B型,東京都,090-3723-1264
上野 和香,うえの わか,女,4,2017/4/21,AB型,和歌山県,080-5992-9617
田口 知史,たぐち ともふみ,男,5,2016/8/5,O型,福島県,090-3763-9333
松谷 新太,まつたに あらた,男,4,2017/12/27,O型,岡山県,080-4283- 533
大後 ケンイチ,おおご けんいち,男,0,2021/2/27,A型,大阪府,090-1044-1618
片桐 さんま,かたぎり さんま,男,0,2021/8/9,O型,沖縄県,080-8990-1532
石橋 聖陽,いしばし まさあき,男,4,2017/3/25,O型,岡山県,080-9187-  34
田上 景子,たうえ けいこ,女,4,2018/1/27,B型,福島県,090- 364-9106
曽根 美幸,そね みゆき,女,3,2018/3/17,A型,奈良県,090-3983-1891
山下 優,やました ゆう,女,4,2017/8/9,A型,愛知県,080-5039-6944
三村 夏希,みむら なつき,女,4,2017/4/19,B型,東京都,090-2213-9135
菅井 芽以,すがい めい,女,2,2019/6/2,AB型,岩手県,090-6608-7789
毛利 夏希,もうり なつき,女,3,2018/12/31,A型,愛知県,090-3198-1862
神崎 公顕,かんざき きみあき,男,1,2020/10/16,A型,宮崎県,080-6829-8185
新村 一代,にいむら かずよ,女,3,2018/11/23,A型,千葉県,080-8538-3358
浅倉 由宇,あさくら ゆう,女,4,2017/9/9,O型,和歌山県,080-9957-8810
古谷 薫,ふるたに かおる,男,4,2017/7/12,A型,広島県,090-7676-7365
大沼 あき,おおぬま あき,女,4,2017/6/15,AB型,山口県,080-1693-5750
中川 勝久,なかがわ かつひさ,男,0,2021/9/9,B型,愛媛県,090-7190-3421
倉持 直人,くらもち なおと,男,1,2020/5/16,A型,北海道,080-8626-2288
武田 雅彦,たけだ まさひこ,男,4,2017/10/25,B型,千葉県,090- 963-8355
海音寺 雅之,かいおんじ まさゆき,男,2,2019/4/11,AB型,新潟県,090-2570-2244
佐伯 ヒカル,さえき ひかる,女,0,2021/3/28,A型,愛媛県,080-6317-7587
草村 優,くさむら ゆう,男,0,2021/7/19,O型,兵庫県,080-5683-7041
松尾 未來,まつお みらい,女,5,2016/10/12,O型,埼玉県,080-8940-8428
伊東 法子,いとう のりこ,女,1,2020/9/10,A型,愛媛県,080-8314-1769
荒井 広司,あらい こうじ,男,4,2017/3/21,O型,岐阜県,080-2127-4285
日下部 研二,くさかべ けんじ,男,0,2021/9/1,B型,静岡県,080-8737-4573
萩原 隆博,はぎわら たかひろ,男,5,2016/12/9,A型,東京都,090-4796-7239
石塚 遥,いしづか はるか,女,3,2018/4/18,O型,徳島県,090-6783-7519
吉永 涼子,よしなが りょうこ,女,2,2019/12/23,O型,千葉県,080-8462-1291
田村 ひろ子,たむら ひろこ,女,2,2019/6/7,AB型,愛知県,080-6208-1294
永瀬 幸平,ながせ こうへい,男,3,2018/5/23,O型,東京都,090-7494-7202
大野 サンタマリア,おおの さんたまりあ,女,1,2020/3/12,A型,宮城県,090- 781-5981
吉永 憲一,よしなが けんいち,男,3,2018/2/21,O型,富山県,090-5272-5884
小宮 京子,こみや きょうこ,女,1,2020/3/31,O型,兵庫県,080-8662-3000
岡山 友以乃,おかやま ゆいの,女,3,2018/12/22,O型,宮城県,090-3391-2358
下村 雅彦,しもむら まさひこ,男,2,2019/12/24,B型,栃木県,080-8828- 860
平林 里穂,ひらばやし りほ,女,4,2017/9/13,O型,愛知県,090-2778-8945
相馬 美咲,あいば みさき,女,0,2021/10/31,A型,徳島県,080-2027-8561
内田 誠治,うちだ せいじ,男,5,2016/9/5,A型,埼玉県,080-6909- 321
福本 玲那,ふくもと れな,女,4,2017/4/22,A型,愛知県,090-9992-3576
田川 莉緒,たがわ りお,女,0,2021/12/19,A型,島根県,080-4539-6049
水川 徹平,みずかわ てっぺい,男,0,2022/1/31,B型,富山県,080-8144-6851
松本 咲,まつもと さき,女,4,2017/3/20,A型,埼玉県,090-5206-7873
臼井 遥,うすい はるか,女,1,2021/2/8,O型,奈良県,090-4545-  17
久保田 季衣,くぼた としえ,女,1,2020/12/17,B型,秋田県,090-6775- 234
竹田 扶樹,たけだ もとき,男,4,2017/4/16,A型,大阪府,080-7069-2018
宮沢 哲平,みやざわ てっぺい,男,5,2016/7/20,A型,神奈川県,080-3607-6929
黒崎 真帆,くろさき まほ,女,3,2018/12/1,A型,埼玉県,090-  66-5133
丹野 真吾,たんの しんご,男,3,2018/4/7,AB型,神奈川県,080-3345-4364
浅見 麻緒,あさみ まお,女,1,2020/6/25,A型,静岡県,080-4799-7408
小宮 悟志,こみや さとし,男,0,2021/8/12,A型,千葉県,080-3238- 355
川原 勤,かわはら つとむ,男,0,2021/8/30,O型,東京都,090-5827-7863
川島 ジローラモ,かわしま じろーらも,男,4,2017/3/28,O型,兵庫県,080-5570-5775
大沼 康文,おおぬま やすふみ,男,5,2016/10/24,B型,山口県,080-9691-7624
松田 美咲,まつだ みさき,女,2,2019/9/8,A型,新潟県,080-9772-6414
進藤 くるみ,しんどう くるみ,女,3,2018/12/6,AB型,兵庫県,080-6711-8941
千葉 麻緒,ちば まお,女,4,2017/6/29,O型,山形県,090-3713-2213
大石 友也,おおいし ともや,男,4,2017/6/8,A型,香川県,080- 713-1548
上野 ひかり,うえの ひかり,女,4,2017/2/19,O型,長野県,080-2471-6502
奥村 瞬,おくむら しゅん,女,3,2018/9/14,B型,大阪府,090-1791-3174
平野 遥,ひらの はるか,女,5,2016/11/7,O型,神奈川県,080-2394-6001
堀口 鉄洋,ほりぐち てつひろ,男,5,2016/8/27,B型,神奈川県,080- 902-6477
青野 明,あおの あきら,男,0,2021/11/9,B型,大阪府,090-5814-3254
古田 直人,ふるた なおと,男,1,2020/2/23,AB型,北海道,090-1748-5914
筒井 雅之,つつい まさゆき,男,4,2017/9/5,A型,千葉県,080-5435-2813
小堀 克実,こほり かつみ,男,1,2020/11/7,AB型,東京都,090-9884-4936
蛍原 亮,ほとはら りょう,男,0,2021/8/30,O型,群馬県,090-1904-5096
秋山 知史,あきやま ともふみ,男,4,2018/2/12,B型,神奈川県,090-3768- 669
永井 隆太,ながい りゅうた,男,0,2021/5/17,B型,大阪府,090-6731-2465
安田 南朋,やすだ なお,女,4,2017/10/11,O型,山口県,090- 177-1240
田中 守,たなか まもる,男,2,2019/12/29,A型,秋田県,080- 566-8878
小西 夏空,こにし そら,女,5,2016/11/9,B型,福岡県,080-2266-1042
牧 咲,まき さき,女,0,2021/12/11,A型,鹿児島県,080-2581-1732
八十田 菜摘,やそだ なつみ,女,1,2020/10/19,B型,宮城県,090-3117-4380
松浦 大五郎,まつうら だいごろう,男,3,2018/10/16,B型,神奈川県,090-5583-4350
阪口 米蔵,さかぐち よねぞう,男,4,2017/3/15,A型,奈良県,080-8860-5491
石丸 恭子,いしまる きょうこ,女,3,2018/2/22,A型,北海道,080-7642-3327
杉本 佳乃,すぎもと よしの,女,5,2016/11/23,A型,岡山県,080-1707-7446
草野 陽介,くさの ようすけ,男,0,2022/2/15,A型,東京都,080-9872-2901
松山 洋介,まつやま ようすけ,男,1,2020/9/26,AB型,福岡県,090-5369-7836
永井 涼子,ながい りょうこ,女,4,2017/4/5,AB型,千葉県,080-1140- 911
長島 咲,ながしま さき,女,1,2021/1/10,O型,鹿児島県,080-9467-1430
浜 勇介,はま ゆうすけ,男,5,2016/3/2,AB型,岐阜県,080-9535-8260
横山 めぐみ,よこやま めぐみ,女,0,2021/3/29,AB型,山形県,090-9262-9834
有賀 瑠璃亜,ありが るりあ,女,3,2018/11/12,O型,北海道,080-2303-7278
佐伯 信輔,さえき しんすけ,男,2,2019/12/15,A型,福島県,080-6433-3023
関口 寿明,せきぐち としあき,男,2,2019/5/10,O型,新潟県,080-6728-8630
大林 完爾,おおばやし かんじ,男,4,2017/9/15,A型,福島県,090-2017-4690
川上 文世,かわかみ ふみよ,女,3,2018/12/8,A型,京都府,080-4097-1678
薬師丸 友也,やくしまる ともや,男,2,2019/6/16,O型,大阪府,080-5837-1772
高倉 ケンイチ,たかくら けんいち,男,4,2017/4/5,A型,大阪府,090-4033-8115
菅井 浩介,すがい こうすけ,男,4,2017/6/24,A型,福島県,080-7097-1917
戸田 崇史,とだ たかし,男,1,2020/7/1,O型,山形県,090-2304-2662
野島 樹里,のじま じゅり,女,3,2018/4/23,A型,岡山県,080-7734-1837
花田 菊生,はなだ きくお,男,4,2017/6/4,A型,静岡県,090-8648- 230
高沢 貴美子,たかさわ きみこ,女,5,2016/11/26,O型,埼玉県,080-5909-4625
鈴木 俊介,すずき しゅんすけ,男,1,2020/10/4,O型,北海道,090-2709-4787
武 知世,たけ ちせ,女,3,2018/6/7,O型,富山県,080-8827-7507
浜野 雅之,はまの まさゆき,男,4,2017/8/27,O型,栃木県,090-3101-7776
藤村 直人,ふじむら なおと,男,2,2019/2/28,AB型,島根県,080-6986-9978
阪口 仁晶,さかぐち ひろあき,男,0,2021/11/4,AB型,大分県,080-2740-1046
奥貫 淳子,おくぬき あつこ,女,0,2022/1/22,A型,福岡県,090-1091-9592
末永 景子,すえなが けいこ,女,4,2017/8/13,O型,京都府,090- 410-1410
安藤 美佐子,あんどう みさこ,女,6,2016/1/7,A型,東京都,080-5917-2350
飯田 新太,いいだ あらた,男,3,2018/9/17,B型,福岡県,080-5294-7970
星 季衣,ほし としえ,女,3,2018/11/2,A型,石川県,090-5439-1877
豊島 美佐,とよしま みさ,女,3,2018/4/22,A型,大阪府,090-5669-3876
長浜 勝久,ながはま かつひさ,男,3,2018/7/2,O型,高知県,080-1069-6514
西島 礼子,にしじま れいこ,女,3,2018/7/9,A型,岩手県,090-1638-7010
高松 惇,たかまつ じゅん,男,4,2017/4/27,A型,熊本県,080- 608-2897
安藤 克実,あんどう かつみ,男,0,2021/12/25,A型,大阪府,080-2848-8032
岩崎 英嗣,いわさき ひでつぐ,男,0,2021/7/1,O型,東京都,080-3009-5092
吉永 浩太郎,よしなが こうたろう,男,3,2018/9/12,O型,大阪府,080-7313-4018
桜井 剛基,さくらい よしき,男,0,2021/6/17,O型,大分県,080-1744-8498
大倉 あさみ,おおくら あさみ,女,0,2021/4/25,A型,神奈川県,090-5297-4559
中村 丈史,なかむら たけし,男,4,2017/11/3,B型,京都府,080-3721- 437
伊崎 孝太郎,いさき こうたろう,男,0,2021/4/25,B型,青森県,090-9760-8400
榎本 明日,えのもと めいび,女,4,2017/4/16,O型,新潟県,080-7719-4821
八田 麻緒,やつだ まお,女,0,2021/3/2,A型,兵庫県,090- 865-9526
桜田 竜也,さくらだ たつや,男,4,2017/6/2,A型,東京都,090-5180-6130
奥 寛治,おく かんじ,男,2,2019/10/20,O型,岩手県,090-9024-4900
広田 和香,ひろた わか,女,5,2016/2/19,A型,沖縄県,090-1103-9699
柏原 あい,かしわら あい,女,1,2020/2/24,A型,岡山県,090-7884-2904
小笠原 博之,おがさわら ひろゆき,男,5,2016/4/15,B型,福岡県,090-5672-7350
落合 サンタマリア,おちあい さんたまりあ,女,5,2017/1/20,O型,千葉県,080-3320-3809
宮内 明慶,みやうち あきよし,男,4,2017/6/16,O型,福岡県,080-9952-2762
立花 良介,たちばな りょうすけ,男,4,2017/4/18,B型,広島県,090-6310-6474
谷 守,たに まもる,男,3,2019/2/13,O型,大阪府,080-6327-2492
村上 一徳,むらかみ いっとく,男,3,2018/11/22,AB型,岩手県,090-9517-9923
古山 くるみ,ふるやま くるみ,女,5,2016/7/30,B型,千葉県,090-6046- 996
杉本 豊,すぎもと ゆたか,男,5,2016/6/7,B型,北海道,080-9263-3655
松田 ひろみ,まつだ ひろみ,女,4,2017/8/3,O型,神奈川県,090-9774- 645
井川 綾,いがわ あや,女,3,2018/6/17,B型,群馬県,080-4646-6545
山川 薫,やまかわ かおる,女,4,2017/5/4,O型,大阪府,090-  79-6942
加藤 メイサ,かとう めいさ,女,0,2021/10/3,A型,大阪府,080-3903-4268
古川 あさみ,ふるかわ あさみ,女,1,2020/10/10,B型,徳島県,090-7577- 748
横井 獅童,よこい しどう,男,4,2017/8/20,O型,岐阜県,080-8401-8445
宮内 璃子,みやうち りこ,女,2,2019/12/28,B型,群馬県,080- 420-1315
大畑 秀樹,おおはた ひでき,男,0,2021/9/8,B型,青森県,080-7120-4399
中林 美紀,なかばやし みき,女,5,2017/1/31,B型,群馬県,090-3122-8611
小菅 優一,こすげ ゆういち,男,5,2016/8/26,O型,愛知県,090-8344-6840
大熊 さやか,おおくま さやか,女,3,2018/7/5,O型,岐阜県,090-8530- 359
宇野 雅彦,うの まさひこ,男,2,2019/10/19,A型,福岡県,090- 868-5216
後藤 奈央,ごとう なお,女,1,2020/7/16,A型,京都府,080-2026-7352
田川 たかお,たがわ たかお,男,1,2020/4/3,O型,滋賀県,090-8943- 146
工藤 里奈,くどう りな,女,3,2018/10/1,O型,埼玉県,080- 895-1001
成海 大五郎,なるみ だいごろう,男,4,2017/8/8,O型,長野県,080-4123-4812
村木 ヒロ,むらき ひろ,男,4,2017/12/21,AB型,熊本県,090-2782-5242
大野 真帆,おおの まほ,女,3,2018/4/22,A型,福岡県,080-2984-6563
今井 拓郎,いまい たくろう,男,0,2021/11/19,O型,兵庫県,090-4394-3503
大場 人志,おおば ひとし,男,3,2018/3/29,A型,静岡県,080-3418-3973
清田 龍吉,きよた りゅうきち,男,4,2017/12/24,B型,東京都,080-6369-2477
豊原 景子,とよはら けいこ,女,4,2017/8/2,A型,神奈川県,090-8940-8367
辻 早紀,つじ さき,女,0,2021/10/31,A型,新潟県,080-9436-2199
佐川 一,さがわ はじめ,男,3,2018/10/22,AB型,愛知県,080-1695- 130
高岡 貴美子,たかおか きみこ,女,2,2019/3/12,A型,福岡県,090-4822-4955
石渡 朝香,いしわたり あさか,女,3,2018/7/21,O型,岩手県,090- 862-3187
神崎 フミヤ,かんざき ふみや,男,3,2018/6/21,O型,福岡県,080-2888-9667
町田 亮介,まちだ りょうすけ,男,3,2018/10/10,A型,長野県,090-5794-3692
大下 美智子,おおした みちこ,女,1,2020/11/21,B型,新潟県,090-5401-8781
宮迫 新太,みやさこ あらた,男,4,2017/4/1,A型,広島県,090-8125-4524
有村 光良,ありむら てるよし,男,4,2017/10/7,A型,北海道,090- 845-8676
塩谷 勝久,しおや かつひさ,男,1,2020/3/9,O型,栃木県,080-6342-7447
長田 光博,ながた みつひろ,男,4,2017/9/14,A型,千葉県,080-8899-3903
少路 隆,しょうじ たかし,男,3,2018/3/10,A型,東京都,090- 863-2272
藤沢 一輝,ふじさわ かずき,男,6,2016/1/27,A型,大阪府,090-9620-9172
小田 勝久,おだ かつひさ,男,1,2020/9/4,A型,東京都,090-9982-2767
富岡 雅之,とみおか まさゆき,男,4,2017/9/19,A型,神奈川県,090-7868-9066
大和田 康文,おおわだ やすふみ,男,2,2019/12/29,A型,千葉県,090-3383-4103
三沢 慢太郎,みさわ まんたろう,男,2,2019/4/13,A型,福島県,080-1965-4648
阿久津 基祐,あくつ きすけ,男,3,2018/3/1,O型,東京都,090-2943-5998
小菅 新太,こすげ あらた,男,1,2020/12/23,O型,和歌山県,080-3114-3077
山岡 千佳子,やまおか ちかこ,女,3,2018/10/4,A型,宮崎県,090-1975- 228
牧田 まさみ,まきた まさみ,女,4,2017/9/6,A型,京都府,080-4510-3318
高岡 そら,たかおか そら,女,0,2021/10/28,O型,滋賀県,080-6801-4556
大川 有起哉,おおかわ ゆきや,男,2,2019/3/6,A型,新潟県,080-4631-9253
菅野 賢治,すがの けんじ,男,5,2016/7/30,B型,和歌山県,080-5570-7248
川本 直人,かわもと なおと,男,3,2018/11/27,A型,沖縄県,080-1655-4693
池本 佑,いけもと たすく,男,3,2018/7/28,O型,東京都,080-1915-5045
紺野 しぼり,こんの しぼり,女,3,2018/11/28,B型,大阪府,090-6364- 901
松原 悟志,まつばら さとし,男,4,2017/7/28,AB型,神奈川県,080-7497-1604
西口 竜也,にしぐち たつや,男,1,2020/6/25,A型,奈良県,080- 728-1395
宮地 美里,みやじ みり,女,2,2019/5/16,B型,新潟県,080-1513-4966
正木 宏行,まさき ひろゆき,男,4,2017/10/25,AB型,富山県,090-2638-5639
溝口 明,みぞぐち あきら,男,4,2017/8/27,O型,京都府,080-4233-9445
黒沢 光,くろさわ ひかる,男,1,2020/3/19,B型,岡山県,080-3145-9309
石沢 かおり,いしざわ かおり,女,1,2020/12/29,O型,山口県,080-9684-5507
遠藤 未華子,えんどう みかこ,女,5,2016/7/23,A型,奈良県,080-7919-5507
倉本 美菜,くらもと みな,女,1,2020/9/23,O型,長野県,080-2458-7669
藤村 さゆり,ふじむら さゆり,女,4,2017/10/2,B型,埼玉県,090-6475-6561
辻本 菜摘,つじもと なつみ,女,0,2021/7/14,AB型,福岡県,080-9619-5286
瀬川 恵梨香,せがわ えりか,女,2,2019/8/1,A型,神奈川県,090- 666-7868
西岡 さやか,にしおか さやか,女,2,2019/8/5,O型,愛知県,080-9003- 313
浅井 玲那,あさい れな,女,2,2019/6/26,O型,和歌山県,090-2851-3192
堀川 恵子,ほりかわ けいこ,女,0,2021/9/7,O型,埼玉県,090-4357-3961
小山 雅之,おやま まさゆき,男,2,2019/5/7,A型,北海道,090-6455-9390
大倉 研二,おおくら けんじ,男,1,2020/9/15,AB型,山口県,080-9315-5540
有田 恵梨香,ありた えりか,女,2,2020/1/30,A型,青森県,090-9994-8911
川口 知世,かわぐち ちせ,女,4,2017/4/3,O型,鳥取県,090-1014- 139
岩瀬 照生,いわせ てるお,男,4,2017/8/28,A型,石川県,090-5319-1567
浅川 浩太郎,あさかわ こうたろう,男,4,2017/3/24,O型,島根県,080-8972-1009
大山 莉央,おおやま りお,女,4,2017/11/29,O型,熊本県,090-2271-5810
杉山 倫子,すぎやま のりこ,女,2,2019/6/22,AB型,東京都,080-1011- 152
下村 優,しもむら ゆう,女,1,2020/9/2,A型,神奈川県,080-3255-1637
野中 芽以,のなか めい,女,1,2021/2/9,A型,愛知県,090-9444-9616
橘 隆,たちばな たかし,男,4,2017/9/5,O型,熊本県,080- 627-6570
門脇 さんま,かどわき さんま,男,5,2016/10/3,A型,福岡県,080-3147-2956
吉原 敏也,よしわら としや,男,5,2017/2/4,B型,徳島県,090-8250-7089
海老原 鉄洋,えびはら てつひろ,男,5,2016/11/12,A型,大阪府,090-3815-3255
木村 光洋,きむら みつひろ,男,3,2018/9/26,B型,三重県,080-2057-6330
宮野 亮,みやの りょう,男,0,2021/4/9,O型,長崎県,090-3532-1640
海音寺 なつみ,かいおんじ なつみ,女,1,2021/1/15,O型,東京都,090-6824-5422
井川 なつみ,いがわ なつみ,女,4,2017/8/2,B型,東京都,080- 481-9573
木本 優一,きもと ゆういち,男,4,2017/9/4,B型,埼玉県,080-1297-8107
柳田 友以乃,やなぎだ ゆいの,女,0,2021/3/19,A型,兵庫県,080-6377-3836
阿久津 そら,あくつ そら,女,5,2017/2/7,AB型,北海道,090-8093-3317
門田 芽以,かどた めい,女,0,2021/2/21,O型,東京都,090-2980-5491
小日向 洋,こひなた よう,男,4,2017/10/28,A型,長崎県,090-9866-7485
小野田 瞬,おのだ しゅん,女,1,2021/1/19,O型,新潟県,080-2392-1720
根本 菊生,ねもと きくお,男,1,2020/3/15,A型,埼玉県,090-8633- 972
河野 桃子,かわの ももこ,女,5,2017/1/24,O型,鹿児島県,090-2043-1684
浜野 米蔵,はまの よねぞう,男,3,2018/9/24,AB型,大阪府,090- 251-2109
熊田 花緑,くまだ かろく,男,4,2018/1/26,B型,大阪府,080-7164-7178
森谷 夏空,もりや そら,女,0,2021/11/23,O型,宮城県,090-3073-7958
小池 瑠璃亜,こいけ るりあ,女,4,2017/7/4,O型,千葉県,080-1702-4175
富田 さとみ,とみた さとみ,女,2,2019/8/11,O型,北海道,090-6080-5438
若山 結衣,わかやま ゆい,女,3,2018/6/14,O型,北海道,090- 293-9249
石本 太朗,いしもと たろう,男,4,2017/11/9,O型,愛知県,080-2215-6684
秋本 洋介,あきもと ようすけ,男,3,2018/10/8,B型,大阪府,080-4866-2714
柳川 たかお,やながわ たかお,男,4,2017/5/2,O型,兵庫県,090-2422-2232
小野 大樹,おの ひろき,男,4,2017/10/9,O型,長崎県,090-7266-8985
小峰 雅彦,こみね まさひこ,男,3,2018/7/8,A型,神奈川県,080-2778-8286
石井 昌代,いしい まさよ,女,3,2018/6/9,O型,北海道,090-5150- 714
奥村 真吾,おくむら しんご,男,0,2021/6/20,A型,広島県,080-4025-5215
角田 美希,かどた みき,女,4,2017/5/5,B型,鹿児島県,090-  98-1506
角谷 亮介,かどたに りょうすけ,男,0,2021/11/30,A型,山形県,080- 352-3605
川添 さやか,かわぞえ さやか,女,4,2017/9/14,A型,東京都,090- 912-8151
鹿賀 大樹,かが ひろき,男,2,2019/7/26,O型,北海道,090-3257-8541
桜井 勇,さくらい ゆう,女,4,2017/11/7,A型,京都府,080-9621-6195
橋口 仁晶,はしぐち ひろあき,男,1,2021/1/30,O型,神奈川県,090-  60-8782
平野 龍吉,ひらの りゅうきち,男,5,2016/9/4,O型,愛知県,090-4499-7060
丹羽 恭子,たんば きょうこ,女,4,2017/11/12,O型,兵庫県,080-3750-3785
松下 ジローラモ,まつした じろーらも,男,1,2021/1/15,O型,奈良県,090-1940-3727
渡辺 恵美,わたなべ めぐみ,女,0,2021/6/21,A型,鹿児島県,090-7566- 961
江藤 未華子,えとう みかこ,女,1,2020/7/11,A型,茨城県,090-4464-9036
高木 大樹,たかぎ ひろき,男,4,2017/4/25,O型,福井県,080- 372-8466
村岡 法子,むらおか のりこ,女,3,2018/9/13,A型,山口県,080-4057-2946
葛西 亜希,かさい あき,女,3,2018/4/16,AB型,宮城県,090-6556-4597
窪塚 由宇,くぼづか ゆう,女,2,2020/1/24,A型,福岡県,080-1192-5463
梅沢 里奈,うめざわ りな,女,4,2017/11/27,B型,大分県,080-1010-5353
北条 さゆり,ほうじょう さゆり,女,6,2016/1/2,B型,兵庫県,080-8952-1442
安藤 沙耶,あんどう さや,女,5,2016/10/26,O型,埼玉県,090-7655-2925
鎌田 将也,かまた まさや,男,2,2020/1/22,A型,神奈川県,080-6768-4140
篠崎 努,しのざき つとむ,男,4,2018/1/30,O型,東京都,080- 871-3197
松田 秀隆,まつだ ひでたか,男,4,2017/6/29,O型,福井県,090-8501-1148
岡田 莉緒,おかだ りお,女,0,2021/3/5,A型,千葉県,090-7788-2306
岩本 希,いわもと のぞみ,女,3,2018/10/21,AB型,新潟県,090-8215- 386
坂田 季衣,さかた としえ,女,2,2020/1/30,B型,鹿児島県,080-5519-5930
工藤 弘也,くどう ひろなり,男,2,2019/2/25,A型,静岡県,080-3507-4245
渡辺 愛梨,わたなべ あいり,女,3,2018/4/20,B型,福岡県,090-8488-9335
中川 優,なかがわ ゆう,男,0,2021/10/20,A型,福島県,090-9251-6758
山城 はるか,やましろ はるか,女,4,2017/12/24,O型,大阪府,080-4693-7832
小野田 賢治,おのだ けんじ,男,4,2017/12/27,AB型,岐阜県,080-3864-5235
神崎 晴臣,かんざき はるおみ,男,5,2016/6/13,O型,東京都,090-6334-1884
横田 一輝,よこた かずき,男,4,2017/2/28,B型,福岡県,080-9640-3110
松野 美帆,まつの みほ,女,0,2021/5/17,B型,千葉県,080-5102-6763
香川 寛,かがわ ひろし,男,0,2021/3/7,A型,新潟県,090-8396-2140
柳沢 由美子,やなぎさわ ゆみこ,女,4,2017/10/1,A型,千葉県,090-8788-5544
大谷 秀隆,おおたに ひでたか,男,5,2016/3/9,B型,神奈川県,080-2848-7857
松岡 祐一,まつおか ゆういち,男,3,2018/7/5,A型,岩手県,080-6836-6095
永井 鉄二,ながい てつじ,男,0,2021/4/18,O型,沖縄県,080-3243-3506
芦屋 惇,あしや じゅん,男,4,2017/12/5,AB型,東京都,080-4038-6352
近藤 真一,こんどう しんいち,男,0,2022/1/5,A型,神奈川県,090-2257-2010
溝口 三郎,みぞぐち さぶろう,男,2,2020/1/2,A型,大阪府,080-4822-8686
高野 千佳子,たかの ちかこ,女,4,2017/7/15,B型,福岡県,090-9860-8081
青山 樹里,あおやま じゅり,女,3,2018/11/3,A型,愛知県,090-4139-9099
小町 陽介,こまち ようすけ,男,5,2016/7/10,O型,青森県,080-3495-9868
三村 賢二,みむら けんじ,男,2,2019/3/12,A型,大阪府,090-3799-2963
岩谷 サンタマリア,いわたに さんたまりあ,男,1,2020/9/27,AB型,茨城県,090-8625- 905
吉岡 夏空,よしおか そら,女,0,2021/10/28,AB型,京都府,090-6736-8046
八木 将也,やぎ まさや,男,1,2020/9/24,AB型,岐阜県,080-5552-4030
志水 美菜,しみず みな,女,5,2016/6/28,O型,埼玉県,090-2713-1959
若山 有海,わかやま あみ,女,5,2016/11/22,O型,東京都,090-1875-2852
稲垣 なつみ,いながき なつみ,女,2,2019/8/11,O型,大阪府,090-1928-3455
武藤 新太,むとう あらた,男,0,2021/10/17,A型,東京都,090-6310-7847
宇田川 はるか,うだがわ はるか,女,5,2016/3/26,O型,愛知県,090-2117-1000
大木 瞳,おおき ひとみ,女,5,2016/6/21,AB型,兵庫県,090- 743- 656
難波 遥,なんば はるか,女,4,2017/12/17,O型,群馬県,090-7480-2941
土橋 妃里,つちはし ゆり,女,4,2017/4/2,B型,千葉県,090-8853-5356
土屋 俊介,つちや しゅんすけ,男,5,2016/10/8,AB型,東京都,080-6190-8683
畑中 惇,はたなか じゅん,男,3,2018/3/31,O型,宮城県,080-3623- 911
大倉 涼,おおくら りょう,女,3,2018/12/7,B型,高知県,080-7467-1402
岡部 景子,おかべ けいこ,女,0,2021/9/30,B型,愛媛県,090-3506-7284
中原 りえ,なかはら りえ,女,4,2017/9/9,O型,福岡県,090-9308-8727
高島 勝久,たかしま かつひさ,男,1,2020/6/8,O型,和歌山県,090- 259-4601
土屋 莉沙,つちや りさ,女,1,2020/3/20,O型,東京都,080-6729-6985
菊田 薫,きくた かおる,男,2,2019/5/15,A型,愛知県,090-6902-1798
相沢 明慶,あいざわ あきよし,男,4,2017/8/7,O型,静岡県,080-5759-7339
滝本 真一,たきもと しんいち,男,2,2020/1/16,B型,東京都,090-4547-8337
三村 路子,みむら みちこ,女,5,2016/10/12,A型,大阪府,080-6001-3418
大友 竜也,おおとも たつや,男,3,2019/1/4,AB型,東京都,080-3585- 310
小島 明慶,こじま あきよし,男,3,2018/11/15,B型,大阪府,090- 119-1854
山西 勇,やまにし ゆう,女,2,2019/10/25,A型,神奈川県,080- 924-4660
橋爪 大五郎,はしづめ だいごろう,男,4,2017/8/25,O型,宮崎県,080- 492- 889
赤木 菜摘,あかぎ なつみ,女,3,2018/8/20,AB型,鳥取県,080-7666-1885
合田 貴美子,あいだ きみこ,女,0,2021/6/22,A型,京都府,080-5123-1534
多部 法子,たべ のりこ,女,3,2018/12/30,B型,栃木県,080-3919-6510
金井 ジョージ,かない じょーじ,男,5,2016/6/15,O型,大分県,090-7846-8626
大槻 誠一,おおつき せいいち,男,3,2019/2/12,B型,東京都,090-1832-4557
大田 雅彦,おおた まさひこ,男,0,2021/12/21,AB型,東京都,090-3388- 688
柴田 まなみ,しばた まなみ,女,1,2021/2/15,B型,静岡県,090-7898- 267
長谷 真帆,ながや まほ,女,5,2016/3/7,A型,山形県,080-9887-2310
相沢 晋也,あいざわ しんや,男,4,2017/5/8,A型,東京都,080-8667-8187
大石 真帆,おおいし まほ,女,4,2017/9/20,AB型,岡山県,080-9281-7527
中里 和香,なかざと わか,女,5,2016/5/9,B型,岐阜県,090-4314-7651
高沢 広司,たかさわ こうじ,男,4,2017/3/21,A型,神奈川県,080-6377-8569
都築 知史,つづき ともふみ,男,2,2019/9/11,AB型,愛知県,080-4672-1440
清田 兼,きよた けん,男,6,2016/1/30,A型,鹿児島県,090-7407-9540
白井 砂羽,しらい さわ,女,3,2018/7/6,O型,埼玉県,090-6873-9177
平井 マサカズ,ひらい まさかず,男,5,2016/11/2,B型,鹿児島県,090-8110-6882
川口 扶樹,かわぐち もとき,男,5,2016/7/1,A型,千葉県,080- 611-4860
草村 一恵,くさむら かづえ,女,3,2018/8/15,B型,神奈川県,090-4725-7595
徳永 敏也,とくなが としや,男,2,2019/11/18,O型,神奈川県,080- 934- 873
大河内 しぼり,おおこうち しぼり,女,4,2017/12/8,A型,千葉県,090-1089-6480
さだ 愛梨,さだ あいり,女,0,2021/3/8,O型,福岡県,080-2904-3105
若林 紗季,わかばやし さき,女,3,2018/3/1,A型,岐阜県,090-4107-6440
船橋 直人,ふなばし なおと,男,2,2019/12/22,B型,兵庫県,080-2185-1530
金子 雅之,かねこ まさゆき,男,3,2018/10/22,O型,兵庫県,080-3276-2029
春日 ヒロ,かすが ひろ,男,2,2019/9/25,O型,愛知県,080-9622-1944
遠山 有海,とおやま あみ,女,4,2017/8/11,O型,三重県,090-8336-8815
平沢 友以乃,ひらさわ ゆいの,女,5,2016/11/12,B型,東京都,080-1165-9847
広瀬 愛梨,ひろせ あいり,女,2,2019/9/19,A型,東京都,080- 458-7256
村井 一,むらい はじめ,男,3,2018/11/5,B型,和歌山県,090-1376-9811
米倉 千佳子,よねくら ちかこ,女,2,2019/8/5,A型,兵庫県,080-4940-4009
横尾 翔子,よこお しょうこ,女,0,2021/7/26,A型,神奈川県,090-4555-9545
吹越 ヒロ,ふきこし ひろ,男,2,2019/11/20,B型,千葉県,080-8111-  23
大竹 三省,おおたけ さんせい,男,1,2020/8/21,B型,鹿児島県,080-1858-9391
長友 由樹,ながとも ゆき,女,0,2021/12/11,A型,東京都,090-4087-9337
海野 莉央,うみの りお,女,2,2019/10/10,A型,宮崎県,090-1302-5746
宮田 勇,みやた ゆう,女,4,2017/8/10,B型,山口県,080-1845-5827
青柳 真悠子,あおやぎ まゆこ,女,2,2020/1/1,O型,東京都,090-5120-1999
松川 兼,まつかわ けん,男,2,2019/5/8,A型,石川県,090-3795-4770
角田 勇介,かどた ゆうすけ,男,4,2017/9/27,A型,栃木県,080-1646-7737
金井 慶二,かない けいじ,男,6,2016/2/2,B型,長野県,080-9983-9208
伊丹 法嗣,いたみ ほうし,男,3,2018/12/1,A型,東京都,090-6807-6363
北村 未來,きたむら みらい,女,4,2017/6/8,A型,熊本県,090-9137-6706
田島 直人,たじま なおと,男,4,2017/6/18,A型,千葉県,080-9849-1583
福島 えみ,ふくしま えみ,女,1,2020/11/11,B型,岐阜県,090-8136-4106
川端 了,かわばた りょう,男,4,2017/8/6,A型,埼玉県,090-4496-3804
山内 莉沙,やまのうち りさ,女,2,2019/12/29,AB型,埼玉県,090-4806-6754
峰 鉄洋,みね てつひろ,男,2,2019/6/8,O型,広島県,090-7086-1031
葛西 大五郎,かさい だいごろう,男,0,2021/6/16,A型,岐阜県,080-7229-4861
岩佐 勝久,いわさ かつひさ,男,0,2021/4/15,O型,徳島県,090-8038-3779
平 菜々美,たいら ななみ,女,6,2016/1/20,A型,埼玉県,080-3439-5314
三村 恵麻,みむら えま,女,1,2021/1/21,B型,岐阜県,080-9306-6572
中沢 由宇,なかざわ ゆう,女,5,2016/5/14,AB型,岐阜県,080-3383-9236
松原 恵梨香,まつばら えりか,女,0,2021/8/27,B型,宮城県,080-4382-7277
矢島 真希,やじま まき,女,0,2021/12/9,B型,広島県,090-5408-7692
八田 広司,やつだ こうじ,男,1,2020/8/9,B型,愛知県,090-6127- 662
金山 夏空,かなやま そら,女,4,2017/4/29,B型,宮崎県,090- 273-3613
渡辺 桃子,わたなべ ももこ,女,0,2022/2/15,O型,茨城県,080-2713- 643
古谷 浩太郎,ふるたに こうたろう,男,3,2018/7/27,B型,神奈川県,090-9452-2555
中井 哲平,なかい てっぺい,男,0,2021/11/22,A型,広島県,080- 861-1659
原田 俊介,はらだ しゅんすけ,男,1,2020/2/25,A型,宮城県,090-2141-8310
金井 美里,かない みり,女,1,2020/4/5,B型,岩手県,080-4952-9063
小堀 亮,こほり りょう,男,5,2016/10/6,A型,大阪府,090-7472-8636
内山 光博,うちやま みつひろ,男,0,2021/3/24,O型,東京都,090-8593- 243
中井 勇一,なかい ゆういち,男,5,2016/8/21,A型,山口県,080-8502-7893
川野 雄太,かわの ゆうた,男,4,2017/4/7,O型,東京都,080-3640-7142
松井 美和子,まつい みわこ,女,2,2019/6/28,O型,神奈川県,080-1053-5733
桑田 ヒカル,くわた ひかる,女,6,2016/2/7,A型,奈良県,090-8903-9847
西沢 寿々花,にしざわ すずか,女,1,2020/3/5,B型,静岡県,080-9751-7262
藤野 あさみ,ふじの あさみ,女,4,2017/12/28,B型,大阪府,080-4072-3801
山元 朝香,やまもと あさか,女,2,2019/6/24,A型,静岡県,090-1906- 317
藤山 洋介,ふじやま ようすけ,男,4,2017/12/17,O型,茨城県,090-2307-6878
菅野 みゆき,すがの みゆき,女,4,2018/1/20,A型,埼玉県,080-6377-9326
久保 陽子,くぼ ようこ,女,3,2018/5/17,B型,茨城県,080- 149-  35
小川 竜也,おがわ たつや,男,4,2017/12/27,B型,福島県,090-3268-4322
蒼井 サンタマリア,あおい さんたまりあ,男,4,2017/10/28,A型,宮城県,090-4756-7449
河合 サンタマリア,かわい さんたまりあ,女,4,2017/10/9,O型,兵庫県,080-3274-4143
倉本 美帆,くらもと みほ,女,1,2021/1/6,A型,長野県,080-3865-1000
広瀬 きみまろ,ひろせ きみまろ,男,6,2016/1/9,B型,大阪府,080-4535-8061
山崎 有起哉,やまざき ゆきや,男,4,2018/2/12,O型,岡山県,080-2626-4710
徳重 メイサ,とくしげ めいさ,女,5,2016/11/15,B型,石川県,080-4759-2544
長谷川 宏行,はせがわ ひろゆき,男,2,2019/11/17,A型,大阪府,090-6604-8333
藤崎 千夏,ふじさき ちなつ,女,1,2020/8/7,O型,岩手県,080-6904-4624
猪股 ノブヒコ,いのまた のぶひこ,男,3,2019/1/5,O型,岐阜県,090-1571-4900
上杉 菜々美,うえすぎ ななみ,女,4,2017/5/21,O型,神奈川県,080-5326-9447
新村 寿明,にいむら としあき,男,1,2020/4/21,A型,大分県,080-6476-4653
片山 洋介,かたやま ようすけ,男,2,2019/6/17,B型,埼玉県,090-3638-3587
小畑 玲那,おばた れな,女,5,2016/7/9,A型,大阪府,080-6280- 786
野上 勝久,のがみ かつひさ,男,2,2020/2/6,O型,宮崎県,080-5920-3339
斉藤 正義,さいとう まさよし,男,5,2016/5/21,O型,北海道,080-9807-9780
近藤 真希,こんどう まき,女,0,2021/10/19,A型,高知県,090-4702-6412
石崎 まなみ,いしざき まなみ,女,4,2017/5/31,A型,埼玉県,080-4771-8266
石田 郁恵,いしだ いくえ,女,3,2018/8/5,A型,埼玉県,090-5518-8708
牧瀬 はるみ,まきせ はるみ,女,2,2019/8/13,O型,兵庫県,090-6577-7338
吉岡 明,よしおか あきら,男,5,2016/7/13,A型,茨城県,090-1986-4510
長井 ひとみ,ながい ひとみ,女,4,2017/5/17,O型,岐阜県,090- 154-5616
堤 竜也,つつみ たつや,男,5,2016/3/2,B型,大分県,090-3229-7622
野呂 エリカ,のろ えりか,女,4,2017/12/25,O型,東京都,080-9113-1147
上原 勇介,うえはら ゆうすけ,男,4,2017/10/28,A型,東京都,080-8092-3617
船橋 勝久,ふなばし かつひさ,男,3,2018/2/20,A型,千葉県,090-4971-5078
北 たかお,きた たかお,男,3,2018/6/23,O型,愛知県,090-6742-5054
坂上 亜希,さかがみ あき,女,4,2017/4/4,O型,大分県,090- 654-3074
後藤 雅彦,ごとう まさひこ,男,1,2020/8/23,A型,埼玉県,080-8727-4854
葛山 芽以,かつらやま めい,女,1,2020/5/15,O型,東京都,090-8201-3316
正木 勇介,まさき ゆうすけ,男,4,2018/2/1,A型,神奈川県,080-8971- 118
多岐川 竜也,たきがわ たつや,男,4,2017/12/18,A型,福井県,080-5526-7836
真矢 信吾,まや しんご,男,0,2021/5/7,A型,福岡県,090-6176-3632
竹内 京子,たけうち きょうこ,女,4,2017/11/24,A型,愛知県,090-2784- 626
中谷 妃里,なかたに ゆり,女,1,2020/10/22,B型,和歌山県,090-6030-1903
石倉 結衣,いしくら ゆい,女,0,2021/9/17,O型,鹿児島県,090-5615-5685
三宅 禄郎,みやけ ろくろう,男,3,2018/6/2,AB型,大阪府,090-8979-2421
沢村 涼子,さわむら りょうこ,女,2,2019/7/5,AB型,東京都,090-2124-8711
大橋 恵望子,おおはし えみこ,女,2,2020/2/8,B型,東京都,080-6292-4251
江口 基祐,えぐち きすけ,男,0,2021/10/12,A型,埼玉県,090-8573- 817
松永 はるみ,まつなが はるみ,女,1,2020/10/17,O型,島根県,080-1017-2314
大沼 早織,おおぬま さおり,女,4,2017/11/15,A型,東京都,080-7434-3346
武藤 恵子,むとう けいこ,女,5,2016/9/23,A型,北海道,080-2199-8524
足立 直人,あだち なおと,男,1,2020/9/11,B型,三重県,090-1752-1931
福井 紗季,ふくい さき,女,4,2017/5/4,O型,神奈川県,080-1474-1308
福本 達士,ふくもと たつひと,男,2,2019/5/29,A型,静岡県,090-4014-1289
藤崎 米蔵,ふじさき よねぞう,男,5,2017/1/30,O型,三重県,090-3736-7158
江口 完爾,えぐち かんじ,男,4,2017/4/28,B型,岡山県,090-2246-1392
阿部 敦,あべ あつし,男,3,2018/6/25,B型,香川県,090-5852-4235
若杉 将也,わかすぎ まさや,男,5,2016/9/16,B型,岩手県,090-3578- 434
一木 了,いちき りょう,男,0,2021/10/2,O型,福岡県,080-5025-3620
江川 由樹,えがわ ゆき,女,0,2021/3/31,AB型,群馬県,080-7606-1158
対馬 華子,つしま はなこ,女,3,2018/3/5,B型,東京都,080-7111- 419
余 大樹,よ ひろき,男,3,2019/2/10,B型,大阪府,080-1595-8378
石原 さとみ,いしはら さとみ,女,2,2019/3/13,O型,東京都,080-3358-6283
毛利 夏空,もうり そら,女,2,2019/10/22,A型,北海道,090-3795-6799
今村 優,いまむら ゆう,女,4,2017/11/2,O型,大阪府,090-5321- 269
七瀬 美幸,ななせ みゆき,女,3,2018/3/18,A型,奈良県,080-3265-7310
長尾 華子,ながお はなこ,女,4,2017/5/5,A型,鹿児島県,090-3162-4664
大河内 なつみ,おおこうち なつみ,女,2,2019/10/14,B型,静岡県,090-6764-5737
竹中 健,たけなか けん,男,5,2016/3/9,A型,東京都,090-3763-1266
松元 明慶,まつもと あきよし,男,1,2020/8/27,A型,福岡県,080-9240-2443
野中 さやか,のなか さやか,女,0,2021/9/21,A型,広島県,090-5880-6496
西井 愛菜,にしい あいな,女,3,2018/11/15,B型,北海道,090-1665-2171
高谷 薫,たかや かおる,男,1,2020/5/24,O型,岩手県,080-9319-7077
寺脇 彩,てらわき あや,女,2,2019/8/7,O型,宮城県,080-2434-7084
安斎 真一,あんざい しんいち,男,3,2018/5/29,AB型,静岡県,090- 534-3164
亀山 美和子,かめやま みわこ,女,2,2019/6/11,O型,新潟県,080-9134-9037
岸部 友香,きしべ ともか,女,4,2017/5/4,A型,茨城県,090-5201- 903
山内 徹,やまうち とおる,男,4,2017/10/30,AB型,千葉県,080- 436-9866
妻夫木 美佳,つまぶき みか,女,0,2021/12/13,B型,千葉県,080-8879-9178
川井 南朋,かわい なお,女,2,2019/8/28,O型,長崎県,080-1369-6842
首藤 樹里,すどう じゅり,女,0,2021/4/26,O型,北海道,080-4574-5562
沢 昌代,さわ まさよ,女,5,2016/7/22,O型,神奈川県,090-3871-8639
中村 佳乃,なかむら よしの,女,5,2016/6/5,AB型,兵庫県,090-3435-8553
黒田 憲史,くろた のりひと,男,2,2019/12/10,AB型,愛知県,090-1736- 200
栗林 憲史,くりばやし のりひと,男,3,2018/12/7,O型,大阪府,080-4473-8301
本間 ケンイチ,ほんま けんいち,男,5,2017/1/2,A型,千葉県,090-9839-1119
井上 仁,いのうえ じん,男,3,2018/6/14,O型,静岡県,090-6475-7218
菅野 竜也,かんの たつや,男,0,2021/12/22,A型,熊本県,090- 580-5526
今西 優,いまにし ゆう,女,5,2016/8/9,O型,大阪府,090- 542-7868
山元 草太,やまもと そうた,男,4,2017/4/15,B型,東京都,080-1041-4469
山瀬 サンタマリア,やませ さんたまりあ,男,3,2019/1/25,O型,大分県,090-3047-5907
吉岡 未來,よしおか みらい,女,2,2019/11/11,O型,大阪府,090-6542-7465
吉井 守,よしい まもる,男,1,2020/6/23,B型,長野県,090-4593-4980
岩瀬 杏,いわせ あん,女,0,2021/12/7,A型,熊本県,090-5603-4684
大下 たかお,おおした たかお,男,1,2020/5/7,O型,静岡県,080-1496-2372
山内 れいな,やまのうち れいな,女,4,2017/11/13,AB型,兵庫県,080-7234-7358
若林 なつみ,わかばやし なつみ,女,4,2017/5/7,O型,宮城県,090-8733-4982
末永 寛,すえなが ひろし,男,2,2019/5/10,A型,千葉県,080-9704-1914
田口 裕司,たぐち ゆうじ,男,5,2016/6/26,O型,福岡県,090- 623-5183
及川 たかお,おいかわ たかお,男,3,2018/2/21,A型,大阪府,080-5415-4314
浜崎 芽以,はまさき めい,女,5,2016/9/5,O型,岩手県,090-1904-3233
杉下 宏,すぎした ひろし,男,4,2017/10/24,A型,千葉県,080-5143-9623
長岡 サンタマリア,ながおか さんたまりあ,男,2,2019/4/5,A型,新潟県,080-3598-3928
一青 隼士,ひとと しゅんじ,男,0,2022/2/15,B型,佐賀県,080-6935-8322
三船 了,みふね りょう,男,4,2017/7/14,B型,埼玉県,090-7065-9529
野村 徹,のむら とおる,男,5,2017/2/15,O型,東京都,090-6729-3907
内藤 愛菜,ないとう あいな,女,3,2018/9/16,O型,神奈川県,090-5042-2164
木村 敦,きむら あつし,男,3,2019/1/16,O型,石川県,080-4677-5181
早美 一樹,はやみ かずき,男,5,2016/11/5,A型,東京都,090-9947-7750
榎本 たかお,えのもと たかお,男,4,2018/2/10,B型,兵庫県,080-9980-4169
滝 智花,たき ともか,女,5,2017/1/12,O型,福島県,090-9319- 114
武井 しほり,たけい しほり,女,4,2017/7/23,O型,福島県,080-8445-5065
杉本 祐基,すぎもと ゆうき,男,2,2019/5/19,A型,青森県,090-3344- 807
中原 良介,なかはら りょうすけ,男,3,2018/12/3,B型,福岡県,090-8029-7886
相田 恵子,あいだ けいこ,女,5,2016/10/8,O型,岐阜県,090-4976-3823
神崎 寿明,かんざき としあき,男,5,2017/1/12,AB型,埼玉県,080-4346-9993
安座間 沙知絵,あざま さちえ,女,3,2019/2/17,A型,福島県,090-4205-8965
並木 杏,なみき あん,女,4,2017/12/3,A型,愛媛県,080-7861- 235
岩本 恵子,いわもと けいこ,女,4,2017/7/3,B型,東京都,090-2540-6207
長瀬 未來,ながせ みらい,女,2,2020/2/16,A型,京都府,080-8558- 605
植田 千佳子,うえた ちかこ,女,1,2020/3/10,A型,福島県,090-4477-1651
伴 麻緒,ばん まお,女,4,2017/4/22,A型,東京都,090-  18-3983
山元 知史,やまもと ともふみ,男,3,2018/6/29,O型,神奈川県,080- 392-3290
倉持 愛子,くらもち あいこ,女,0,2021/3/26,O型,埼玉県,090-9589-9297
安藤 和久,あんどう かずひさ,男,0,2021/5/6,B型,北海道,090- 557-8950
板垣 慶二,いたがき けいじ,男,2,2019/10/31,A型,青森県,090-2789-6204
小島 隆博,こじま たかひろ,男,2,2019/11/4,B型,和歌山県,090-6333-5781
野島 美優,のじま みゅう,女,5,2016/3/26,B型,大阪府,090- 132-4938
田川 勇介,たがわ ゆうすけ,男,0,2022/2/15,B型,埼玉県,080- 515-9186
上原 晃司,うえはら こうじ,男,4,2018/2/7,A型,神奈川県,080-1513-6147
金子 賢治,かねこ けんじ,男,4,2018/2/1,O型,高知県,080- 611-2110
勝地 麗奈,かつぢ れな,女,5,2016/5/28,A型,東京都,080-4414-4233
大下 早紀,おおした さき,女,3,2018/5/4,A型,東京都,080-2812-3173
井原 右京,いはら うきょう,男,4,2017/7/26,O型,神奈川県,090-6148-2898
杉山 真吾,すぎやま しんご,男,1,2020/4/7,AB型,愛媛県,090-9666-4036
志水 育子,しみず いくこ,女,1,2020/9/14,O型,宮城県,080-9591-6066
堀 達士,ほり たつひと,男,1,2020/6/30,B型,熊本県,090-5133-4048
畑 高史,はたけ たかし,男,0,2022/1/17,O型,新潟県,090-5492-2304
金森 薫,かなもり かおる,女,0,2021/12/25,AB型,東京都,080-8659-  14
萩原 龍吉,はぎわら りゅうきち,男,3,2018/9/9,O型,長崎県,080- 165-8109
岩瀬 恵梨香,いわせ えりか,女,4,2017/2/25,A型,茨城県,090-7160-3940
坪井 隆,つぼい たかし,男,0,2021/11/29,B型,東京都,080-4576- 110
中西 だん吉,なかにし だんきち,男,5,2016/2/21,B型,栃木県,080-4951-4668
大坂 龍吉,おおさか りゅうきち,男,1,2020/5/4,A型,神奈川県,080-2656-9430
八木 みき,やぎ みき,女,0,2021/5/19,A型,大阪府,080-6639-5127
山口 聖陽,やまぐち まさあき,男,4,2017/3/3,A型,東京都,080-2627-2219
浜本 あさみ,はまもと あさみ,女,3,2018/7/14,A型,東京都,090-4126-4865
谷本 誠一,たにもと せいいち,男,4,2017/6/17,A型,福井県,090-3827-8831
山西 まなみ,やまにし まなみ,女,4,2017/5/28,O型,静岡県,090-3894-3846
戎 優,えびす ゆう,男,3,2018/9/3,O型,東京都,080-2752-3562
北川 慎之介,きたかわ しんのすけ,男,5,2016/10/9,A型,神奈川県,080-4900-4203
日高 雅之,ひだか まさゆき,男,3,2019/1/23,B型,千葉県,080-9624-6286
柳沢 小雁,やなぎさわ こがん,男,3,2018/9/16,B型,千葉県,090-6129-9425
磯村 真奈美,いそむら まなみ,女,3,2018/5/1,O型,埼玉県,080- 992-4165
土屋 一輝,つちや かずき,男,0,2021/7/10,AB型,愛知県,090-9270-7996
中井 美幸,なかい みゆき,女,2,2020/1/29,A型,茨城県,090-3714-3957
北川 寿々花,きたかわ すずか,女,2,2019/8/28,A型,福岡県,080-9265-  46
宮迫 しほり,みやさこ しほり,女,1,2020/9/4,O型,大阪府,090-1765-4702
長田 優,ながた ゆう,女,4,2017/6/5,A型,和歌山県,080-9681- 262
中沢 満,なかざわ みつる,男,2,2019/12/24,A型,愛知県,080-3962-3997
平松 マサカズ,ひらまつ まさかず,男,4,2017/3/1,A型,千葉県,080-1874-9079
八田 三省,やつだ さんせい,男,4,2017/6/28,AB型,兵庫県,080-8878-4052
堀川 奈々,ほりかわ なな,女,5,2016/8/19,B型,埼玉県,080-5587-2637
寺本 信輔,てらもと しんすけ,男,4,2017/6/7,AB型,栃木県,090-2549-2624
坂野 徹,いたの とおる,男,3,2018/9/16,A型,福島県,080-2806-2680
福島 さとみ,ふくしま さとみ,女,0,2022/1/19,A型,大阪府,090-6226-8194
石渡 友香,いしわたり ともか,女,3,2018/5/4,A型,広島県,090-7838-2686
熊倉 一恵,くまくら かづえ,女,3,2018/12/8,O型,山口県,090- 516-3781
亀山 草太,かめやま そうた,男,4,2017/6/10,O型,宮城県,080-1544- 132
大崎 翔子,おおさき しょうこ,女,2,2019/8/23,O型,東京都,090- 123-3134
石丸 佑,いしまる たすく,男,3,2018/4/12,AB型,福岡県,090- 573-5605
広田 公顕,ひろた きみあき,男,5,2016/6/12,A型,東京都,080- 497-1108
森谷 豊,もりや ゆたか,男,3,2019/1/29,O型,宮崎県,080-7986-3254
滝 あい,たき あい,女,0,2021/4/25,A型,東京都,080-5781-4503
三井 勇太,みつい ゆうた,男,1,2020/10/9,A型,東京都,080-6946-8982
井本 育子,いもと いくこ,女,2,2019/5/18,O型,鹿児島県,080-2124-3903
大地 徹,おおち とおる,男,2,2019/10/11,A型,福岡県,080-6387- 120
片瀬 桃子,かたせ ももこ,女,3,2018/6/26,A型,徳島県,080-3855-2939
門田 マサカズ,かどた まさかず,男,1,2020/6/10,B型,栃木県,080-6905-4977
斎藤 雅彦,さいとう まさひこ,男,0,2022/1/19,O型,和歌山県,090-3177-1278
前野 光洋,まえの みつひろ,男,5,2017/2/5,A型,東京都,080-6548-1321
川中 まさし,かわなか まさし,男,4,2017/12/29,B型,埼玉県,090-9210-7450
内山 麻緒,うちやま まお,女,0,2021/5/28,A型,奈良県,090-2506-8013
増井 明慶,ますい あきよし,男,3,2018/7/26,A型,群馬県,090-5914-8823
原田 コウ,はらだ こう,女,3,2018/10/28,A型,大阪府,090-3932-4033
三橋 そら,みはし そら,女,3,2018/4/4,AB型,東京都,080-3095-8546
長崎 陽介,ながさき ようすけ,男,2,2019/6/25,B型,大阪府,080-8776-8928
須賀 亮介,すが りょうすけ,男,5,2016/4/5,A型,静岡県,080-2200-3695
笹川 ちえみ,ささがわ ちえみ,女,5,2016/5/16,A型,神奈川県,090-9377- 254
柳沢 広之,やなぎさわ ひろゆき,男,4,2017/10/30,B型,神奈川県,090-1744-9124
小平 美佐子,こひら みさこ,女,4,2017/7/21,B型,三重県,080-6018-8404
米沢 賢二,よねざわ けんじ,男,4,2017/7/7,AB型,大阪府,080-3087-7318
小原 愛,おはら あい,女,4,2017/3/9,A型,大阪府,080-8352- 748
谷本 だん吉,たにもと だんきち,男,3,2018/5/1,A型,鳥取県,090-9097-3845
柳家 啓介,やなぎや けいすけ,男,5,2017/1/7,A型,愛知県,080-2592-3431
塚原 勝久,つかはら かつひさ,男,5,2016/4/23,A型,埼玉県,080-8264-9618
五十嵐 長利,いがらし ながとし,男,0,2021/7/31,AB型,大阪府,090-9241-5462
宮下 一代,みやした かずよ,女,5,2016/9/30,O型,千葉県,090-8791-7021
真矢 広司,まや こうじ,男,2,2020/1/30,O型,愛知県,080-5741- 591
福田 瞬,ふくだ しゅん,男,2,2019/2/20,A型,福井県,090-8467-5062
梅本 美嘉,うめもと みか,女,0,2021/4/8,A型,愛知県,080-  70-4469
秋本 めぐみ,あきもと めぐみ,女,1,2020/6/28,B型,兵庫県,080- 870-4917
大久保 獅童,おおくぼ しどう,男,4,2017/5/1,B型,山口県,080-1777-9011
田尻 利夫,たじり としお,男,0,2022/1/22,A型,京都府,090-9355-8681
大山 サンタマリア,おおやま さんたまりあ,女,4,2017/10/26,A型,神奈川県,080-3286- 839
田口 育子,たぐち いくこ,女,5,2016/3/5,A型,茨城県,080-1731- 815
宮内 美月,みやうち みづき,女,0,2021/12/17,A型,兵庫県,090-6099-3959
彼方 雅之,かなた まさゆき,男,0,2021/7/2,A型,熊本県,080-8607-9705
宮地 早織,みやじ さおり,女,4,2017/4/4,A型,山形県,080-8705-8273
大和田 照生,おおわだ てるお,男,5,2016/12/11,A型,京都府,080-1778- 152
薬師丸 鉄洋,やくしまる てつひろ,男,0,2021/11/22,AB型,大阪府,080-7902-9265
原口 慢太郎,はらぐち まんたろう,男,2,2020/2/1,O型,長野県,080-9084-1485
吉井 知世,よしい ちせ,女,5,2016/12/27,O型,千葉県,080-5596-1790
小峰 雅彦,こみね まさひこ,男,0,2021/5/27,A型,新潟県,080-3922-8625
神崎 結子,かんざき ゆうこ,女,2,2019/10/15,B型,大阪府,080-4209-3025
水田 洋,みずた よう,男,5,2016/3/11,AB型,宮城県,080-9742-8928
佐藤 夏空,さとう そら,女,2,2019/4/29,O型,兵庫県,090-5977-9321
村田 しぼり,むらた しぼり,女,5,2016/7/17,O型,兵庫県,090-7637-8266
榎本 さやか,えのもと さやか,女,5,2017/1/21,B型,静岡県,090-2864-6315
金子 愛子,かねこ あいこ,女,5,2016/3/3,B型,北海道,090-2704-8873
武藤 春樹,むとう はるき,女,1,2020/11/26,AB型,秋田県,080-2707-5647
小菅 美幸,こすげ みゆき,女,6,2016/1/5,B型,宮城県,090-7616-5169
中野 薫,なかの かおる,女,4,2017/11/3,A型,東京都,080-4526-9103
鶴岡 優一,つるおか ゆういち,男,1,2020/2/22,B型,東京都,090-9380-4497
曽根 翔子,そね しょうこ,女,2,2019/5/31,O型,福井県,090-7658-7803
下田 陽介,しもだ ようすけ,男,1,2020/9/29,A型,福島県,080-3223-7812
邑野 薫,むらの かおる,女,4,2017/11/21,B型,広島県,090-9351- 918
土橋 美佐,つちはし みさ,女,2,2020/2/4,A型,福岡県,090- 846-2146
木下 瞬,きのした しゅん,男,2,2019/2/28,O型,三重県,080-7402-2785
広田 芽以,ひろた めい,女,3,2018/8/27,A型,大阪府,090-4919-6684
塩見 隼士,しおみ しゅんじ,男,3,2018/5/22,O型,神奈川県,090-5052-6400
沖 優,おき ゆう,女,0,2021/6/24,O型,神奈川県,080-7819-7828
落合 隆博,おちあい たかひろ,男,0,2021/3/14,A型,大阪府,090-6175-4187
岡本 憲一,おかもと けんいち,男,5,2016/4/19,A型,神奈川県,090-6608-4355
紺野 朝香,こんの あさか,女,3,2018/9/18,A型,岐阜県,080-9306-7407
岸部 仁晶,きしべ ひろあき,男,4,2017/12/30,O型,栃木県,080-3510- 970
三上 陽介,みかみ ようすけ,男,4,2017/11/27,AB型,兵庫県,090-8646-4270
佐藤 輝信,さとう あきのぶ,男,4,2017/8/13,A型,栃木県,090-8472-    
岩佐 俊二,いわさ しゅんじ,男,0,2021/4/29,B型,栃木県,090-1115-3978
岩城 慎之介,いわき しんのすけ,男,5,2016/3/15,O型,東京都,080-8373-5056
野原 みあ,のはら みあ,女,4,2018/2/1,B型,愛知県,090-7971-1847
小関 進,こぜき すすむ,男,2,2019/8/31,O型,岡山県,080-3231-3919
高見 玲那,たかみ れな,女,1,2020/12/6,O型,東京都,080-2627-6173
新垣 妃里,にいがき ゆり,女,1,2020/8/25,AB型,静岡県,080-9353-8237
